ID_Apontamento;ID_Producao;ID_Operador;Horas_Trabalhadas
1;1;56;6,8
2;1;40;5
3;1;43;8,7
4;1;59;9,9
5;2;60;7,7
6;2;52;4,9
7;3;56;4,5
8;3;1;9,8
9;3;21;4,8
10;4;28;6
11;4;43;7
12;4;31;4,7
13;5;26;6,8
14;5;25;5,9
15;5;50;7,1
16;5;46;7,2
17;6;54;9
18;6;14;8,3
19;6;11;9
20;6;41;7,4
21;7;45;8,1
22;7;51;7,3
23;7;17;6,6
24;8;12;6,2
25;8;2;6,8
26;8;56;8
27;9;28;9,3
28;9;14;9,5
29;9;40;5,1
30;9;36;6,2
31;10;1;7,2
32;10;13;4
33;10;29;5,9
34;10;24;4,6
35;11;59;9,5
36;11;17;7,6
37;11;33;4,2
38;12;42;4,3
39;12;31;8,2
40;12;26;5,5
41;13;4;9,2
42;13;37;9,6
43;13;53;10
44;13;2;7,8
45;14;12;9,2
46;14;31;8,5
47;14;48;8,8
48;15;24;7,7
49;15;2;8,3
50;16;48;4,8
51;16;12;6,5
52;16;56;9,1
53;16;55;4,3
54;17;46;9,1
55;17;4;5,7
56;17;21;9,1
57;17;7;7,9
58;18;2;9,1
59;18;22;5,9
60;18;54;8,3
61;18;44;9,4
62;19;47;9,6
63;19;24;6,4
64;19;34;9
65;19;1;8
66;20;13;8,6
67;20;53;4,9
68;21;6;4,3
69;21;12;7,7
70;21;29;8,1
71;22;12;9,1
72;22;41;9,6
73;22;48;5,9
74;23;23;7,4
75;23;8;8,2
76;23;22;7,4
77;23;30;6,8
78;24;59;5,1
79;24;6;4,5
80;25;38;8,6
81;25;41;8,7
82;25;2;5,3
83;26;30;8,3
84;26;6;5,5
85;26;57;9
86;27;58;8,5
87;27;56;4,8
88;27;13;4,3
89;27;48;8,2
90;28;18;7,4
91;28;9;6,5
92;29;18;5,2
93;29;57;9,9
94;30;45;4,6
95;30;29;6,1
96;30;17;6,2
97;31;34;8,1
98;31;29;5
99;31;54;9,7
100;31;41;7,5
101;32;35;5,3
102;32;37;8,2
103;33;42;8,8
104;33;52;5,2
105;33;44;8,2
106;34;36;5,6
107;34;54;7,1
108;34;48;5,3
109;34;51;5,3
110;35;3;7,1
111;35;60;7,8
112;35;8;6,9
113;36;38;7,4
114;36;21;7,9
115;36;24;9,4
116;37;45;6,2
117;37;7;9,4
118;37;41;5
119;38;22;4,6
120;38;42;9,5
121;38;58;5,8
122;39;35;4,1
123;39;12;8,9
124;39;49;6,7
125;40;45;6,8
126;40;28;5,5
127;40;47;8,3
128;40;26;7,6
129;41;44;4,2
130;41;26;9,6
131;41;20;5,4
132;42;7;5,6
133;42;27;7,5
134;42;28;7,6
135;42;50;5
136;43;60;9,3
137;43;20;9,8
138;44;13;4,8
139;44;37;6
140;44;49;9,8
141;44;9;9,8
142;45;51;8,8
143;45;50;6,8
144;45;10;5
145;46;43;5,2
146;46;10;5
147;47;6;9,1
148;47;12;6,6
149;47;16;8,3
150;48;44;9,1
151;48;36;6,2
152;49;11;6,8
153;49;23;8,1
154;49;7;8,2
155;50;43;6,8
156;50;25;5,5
157;50;54;9,5
158;51;9;9,6
159;51;21;6,4
160;51;49;6
161;52;53;9,2
162;52;44;7,6
163;52;47;7,2
164;53;32;9,8
165;53;43;4,2
166;53;48;9,3
167;54;50;6,2
168;54;16;6
169;55;40;8,5
170;55;39;9,5
171;56;15;4,3
172;56;9;5,8
173;56;32;4,6
174;56;13;6,3
175;57;28;5,7
176;57;10;6,3
177;58;3;5,1
178;58;17;6,4
179;58;27;7,1
180;59;30;4,5
181;59;52;8,1
182;60;42;6,4
183;60;56;8,8
184;61;21;7,4
185;61;9;6,3
186;62;1;9,8
187;62;32;6,4
188;62;42;8,6
189;63;28;7,8
190;63;17;7,6
191;63;48;8,8
192;64;33;6,8
193;64;24;6
194;64;50;7,2
195;65;8;9,9
196;65;51;7,2
197;65;12;6,3
198;66;6;9,7
199;66;10;8,2
200;66;1;5,5
201;66;22;7,1
202;67;47;4,3
203;67;56;5,7
204;67;30;4,7
205;67;28;6,9
206;68;4;8,1
207;68;57;5,5
208;68;39;6
209;69;50;7,3
210;69;53;5,1
211;69;2;6,1
212;70;29;5,8
213;70;21;4,2
214;71;23;4,2
215;71;47;8,4
216;72;12;7,2
217;72;6;4,8
218;73;41;6,6
219;73;32;5,6
220;74;45;9,5
221;74;40;9,4
222;74;16;9,6
223;75;37;6
224;75;30;4,2
225;75;3;7,7
226;75;5;8,3
227;76;25;9,9
228;76;33;4,5
229;77;48;4,1
230;77;20;9,7
231;77;28;5,5
232;77;26;7,9
233;78;54;6,6
234;78;59;4,7
235;79;37;10
236;79;17;7,7
237;80;55;8,8
238;80;51;6,2
239;80;16;6,8
240;80;45;8,6
241;81;18;8,7
242;81;48;5,7
243;81;45;8
244;82;26;5,7
245;82;59;4
246;82;12;5,2
247;82;44;8,7
248;83;9;8,7
249;83;18;7,8
250;83;30;4,6
251;83;39;5,3
252;84;21;5,7
253;84;15;8,3
254;84;5;9
255;84;40;7,5
256;85;39;6,9
257;85;22;7,3
258;85;35;6,1
259;85;25;5,9
260;86;10;8,5
261;86;30;5,3
262;86;55;8,2
263;87;25;8
264;87;17;7,4
265;87;26;4,5
266;87;3;6,9
267;88;6;9,9
268;88;14;6,2
269;88;48;5,8
270;89;29;4,2
271;89;44;7,7
272;89;30;5
273;90;37;10
274;90;28;4,1
275;90;27;9,8
276;91;48;9,5
277;91;32;4,8
278;91;16;7,6
279;91;25;9,1
280;92;26;5,3
281;92;14;4,7
282;93;12;8,6
283;93;56;9,9
284;93;11;9,9
285;94;27;6,5
286;94;23;7,6
287;94;49;5,9
288;94;14;6,2
289;95;43;8,1
290;95;57;7,8
291;96;21;5,4
292;96;33;6,4
293;96;35;8,5
294;96;26;5,7
295;97;11;5,1
296;97;60;5,7
297;97;56;7,2
298;98;49;5
299;98;30;9,4
300;98;42;6,3
301;99;27;7,7
302;99;13;4,8
303;99;41;7,7
304;99;2;10
305;100;37;6
306;100;47;5,5
307;100;27;7,4
308;100;2;6,8
309;101;24;8,5
310;101;2;9,3
311;102;25;5,2
312;102;36;9,5
313;102;33;6,7
314;102;56;8,3
315;103;12;9,6
316;103;31;9,5
317;104;9;9,4
318;104;19;5,2
319;104;5;6,8
320;105;44;6,7
321;105;39;5,5
322;106;30;7,8
323;106;33;8,8
324;107;56;5,5
325;107;59;8,3
326;107;11;4,4
327;108;3;7,1
328;108;44;6,8
329;108;27;6,3
330;108;56;8,7
331;109;57;4,7
332;109;46;8,7
333;109;35;7,9
334;110;46;9
335;110;2;4,4
336;110;29;8,9
337;110;31;9
338;111;50;8,3
339;111;3;7,1
340;111;24;7,9
341;111;26;6,6
342;112;7;9,1
343;112;10;8,5
344;113;49;5
345;113;51;6,5
346;113;8;6
347;113;47;9,5
348;114;14;6
349;114;17;8,2
350;114;7;6,7
351;115;32;6,1
352;115;49;8,1
353;115;16;6
354;115;17;6,7
355;116;37;4,2
356;116;18;4,8
357;116;39;7,1
358;117;15;6,2
359;117;57;6,2
360;118;20;7,4
361;118;46;5,8
362;118;11;8,3
363;119;19;8,2
364;119;10;4,9
365;119;48;5,8
366;119;52;6,3
367;120;15;7,5
368;120;2;4,9
369;120;55;4,1
370;120;14;6,2
371;121;48;6,9
372;121;56;9,4
373;121;34;9,8
374;121;26;7,9
375;122;55;6,2
376;122;33;9,2
377;122;21;6,9
378;122;34;5
379;123;31;4,1
380;123;12;9,7
381;123;58;6,1
382;123;25;5,9
383;124;10;7,7
384;124;18;8,4
385;125;42;6,1
386;125;13;6,8
387;126;59;9,1
388;126;1;8,7
389;126;54;7,1
390;126;48;5,4
391;127;24;4,2
392;127;43;7,8
393;128;33;7,3
394;128;5;7,2
395;128;18;8,4
396;129;52;6,7
397;129;4;7,1
398;130;17;8,4
399;130;52;8,1
400;131;55;8,3
401;131;16;5,1
402;131;15;9,9
403;131;45;5,6
404;132;6;8,4
405;132;48;9,5
406;132;13;9,4
407;133;34;4,4
408;133;20;5,4
409;134;49;4,6
410;134;38;9,3
411;134;31;4,3
412;134;30;8,7
413;135;13;4,7
414;135;31;4,5
415;136;7;7,5
416;136;35;7,6
417;137;37;6,6
418;137;1;9,4
419;137;38;8,3
420;138;50;7,5
421;138;42;7,8
422;138;13;8,5
423;139;17;6,4
424;139;49;5,6
425;140;12;7,1
426;140;22;9,7
427;140;33;5,8
428;140;31;9,2
429;141;22;8,1
430;141;18;7
431;142;29;6,9
432;142;8;5,9
433;142;49;9,8
434;142;12;6,8
435;143;12;8,6
436;143;5;8
437;144;60;6,7
438;144;56;7,8
439;145;53;4,7
440;145;12;5,4
441;145;13;5,8
442;145;50;5,8
443;146;31;9,6
444;146;7;5,3
445;146;44;8
446;146;20;5,9
447;147;50;8,7
448;147;26;9,1
449;148;43;9,9
450;148;11;7,9
451;148;21;8,7
452;148;34;8,7
453;149;15;6,8
454;149;60;9,1
455;149;17;5,8
456;150;20;8,4
457;150;22;9
458;151;29;7,4
459;151;20;8,6
460;151;28;4
461;152;4;7,9
462;152;27;4,8
463;152;23;6,7
464;153;2;5,2
465;153;53;8
466;153;46;5,5
467;154;2;8,7
468;154;21;6
469;154;28;7,4
470;155;52;7,7
471;155;14;6,6
472;156;7;5
473;156;5;8,3
474;156;16;9,6
475;157;31;6,3
476;157;3;9,8
477;157;50;8,2
478;157;43;5,5
479;158;38;4,3
480;158;25;6,1
481;158;4;7,2
482;158;7;6,6
483;159;8;9,3
484;159;31;4,4
485;159;9;9,9
486;160;27;4,9
487;160;53;5,8
488;160;10;5,2
489;160;56;4,5
490;161;21;7,3
491;161;37;8
492;162;34;4,1
493;162;53;8,6
494;162;19;4,4
495;162;45;8,7
496;163;48;9,4
497;163;21;6,7
498;163;55;9,3
499;163;24;5,1
500;164;15;6
501;164;30;8,1
502;164;24;8,2
503;165;39;4,1
504;165;48;4,7
505;165;60;6,5
506;166;52;9
507;166;32;4,4
508;166;4;9,9
509;167;2;10
510;167;37;9,8
511;167;28;9,2
512;168;51;5,7
513;168;35;6
514;168;32;4,4
515;169;37;9,8
516;169;6;8,7
517;170;11;9,1
518;170;52;7,4
519;170;33;6,8
520;170;55;7,9
521;171;49;8,6
522;171;5;6,6
523;172;30;9,3
524;172;29;8,4
525;172;57;7,9
526;173;12;7,5
527;173;42;6,7
528;174;48;4,1
529;174;53;7,4
530;174;28;4
531;174;57;9
532;175;1;5,9
533;175;15;4,9
534;176;38;8,6
535;176;44;7,2
536;177;43;7,4
537;177;13;6,1
538;177;50;9,3
539;177;53;9,2
540;178;13;4,9
541;178;50;5,9
542;179;2;7,6
543;179;35;9,1
544;180;35;9,7
545;180;23;6
546;181;60;5,3
547;181;15;5,8
548;181;43;6,5
549;182;15;5,3
550;182;60;6,1
551;182;59;4,8
552;183;8;4,2
553;183;54;9,2
554;183;25;9,1
555;184;25;6,7
556;184;4;6,4
557;185;50;7,5
558;185;25;4,7
559;186;33;7,5
560;186;59;7,1
561;187;49;4,7
562;187;14;6,9
563;188;23;5,1
564;188;48;9,9
565;188;21;8,8
566;188;27;6,2
567;189;33;4,1
568;189;8;6,3
569;189;30;6,5
570;190;23;9,7
571;190;24;9
572;191;55;5,4
573;191;42;8,2
574;191;20;7,9
575;192;57;9,7
576;192;31;5,6
577;192;2;7,9
578;193;3;5,5
579;193;10;7,4
580;193;55;4,8
581;194;9;6,8
582;194;45;4,2
583;195;52;8
584;195;14;6,2
585;195;56;6,5
586;195;48;4,9
587;196;12;7,1
588;196;60;4,9
589;197;12;4,7
590;197;24;5
591;197;57;7
592;197;60;5,8
593;198;24;7,7
594;198;59;4,2
595;198;54;4,2
596;198;17;4,2
597;199;3;4,9
598;199;48;6,4
599;199;56;7,2
600;200;47;4,1
601;200;34;9,4
602;200;11;4,6
603;200;7;9,9
604;201;31;9,9
605;201;30;9,1
606;202;29;8,9
607;202;9;4
608;202;55;6,9
609;202;39;9,4
610;203;9;7,2
611;203;21;9,7
612;203;43;8
613;204;31;8,5
614;204;32;9,1
615;205;9;7,1
616;205;15;8,8
617;206;15;4,5
618;206;43;4,6
619;207;19;4,6
620;207;57;5,4
621;207;40;5,1
622;208;20;8
623;208;22;7,1
624;208;46;7,5
625;208;30;9,3
626;209;21;6,2
627;209;28;4,9
628;210;60;9,4
629;210;55;6,3
630;210;3;4,3
631;210;48;5,2
632;211;1;7,8
633;211;10;9
634;212;11;5,9
635;212;26;7,4
636;213;55;7,8
637;213;23;8,9
638;213;13;7,5
639;214;14;5,6
640;214;30;6,6
641;214;40;8,5
642;215;50;6
643;215;33;9,4
644;215;60;5,5
645;215;22;8,8
646;216;50;8
647;216;36;8
648;216;30;6,1
649;217;17;6,6
650;217;5;4,2
651;217;51;7,3
652;217;24;4,6
653;218;54;8,3
654;218;8;4,8
655;218;36;6,1
656;219;28;9,8
657;219;36;9,8
658;219;6;5,1
659;220;13;5,3
660;220;10;4,1
661;220;54;8,4
662;220;44;6,1
663;221;50;7,2
664;221;10;4,3
665;221;37;7,2
666;221;56;7,2
667;222;34;8,1
668;222;11;7,8
669;222;24;9,2
670;222;7;5,4
671;223;10;9,1
672;223;35;5,7
673;223;40;9,8
674;223;28;9,7
675;224;25;9,8
676;224;58;9,4
677;224;34;6,8
678;225;47;4
679;225;20;5,5
680;226;43;8,4
681;226;20;7,6
682;226;14;4,4
683;226;60;8,5
684;227;10;8,9
685;227;31;8,6
686;228;26;5
687;228;51;6,5
688;229;13;4,4
689;229;16;9,8
690;229;54;5,7
691;229;23;9,4
692;230;47;7,5
693;230;48;8
694;231;29;8
695;231;10;8,6
696;232;41;7,1
697;232;8;7,1
698;233;39;6,6
699;233;31;8,9
700;233;15;7,2
701;233;43;7,7
702;234;5;9,9
703;234;57;9,5
704;235;57;6,3
705;235;18;9,3
706;235;3;4,7
707;236;28;9,3
708;236;38;8,1
709;236;11;8,8
710;237;15;4,5
711;237;34;8,4
712;237;7;9,8
713;238;16;8
714;238;56;9
715;238;55;9,8
716;239;4;9,2
717;239;41;5,7
718;239;7;8,3
719;240;58;7
720;240;17;6,5
721;240;41;9
722;241;6;8,3
723;241;1;6,9
724;241;7;7,5
725;242;38;8
726;242;28;4,6
727;243;32;7,4
728;243;36;7,6
729;243;39;9,2
730;243;54;8
731;244;39;7,5
732;244;7;8,8
733;245;37;4,7
734;245;7;8,6
735;246;38;9,4
736;246;44;6,5
737;246;46;6,4
738;247;3;6,6
739;247;23;6,8
740;247;42;9,2
741;247;51;4,2
742;248;53;8,5
743;248;52;6,6
744;248;41;9,4
745;249;37;4,1
746;249;12;9,7
747;250;19;6,5
748;250;59;4,2
749;251;55;6,2
750;251;58;8,1
751;251;17;6,1
752;252;18;8,7
753;252;29;5,9
754;253;41;5
755;253;17;7,4
756;253;50;9,2
757;253;51;7,9
758;254;26;8,9
759;254;49;9,1
760;254;23;9,1
761;254;50;6
762;255;35;9,8
763;255;48;5,9
764;255;52;5,8
765;255;54;9,5
766;256;41;5,9
767;256;26;7
768;257;49;5,2
769;257;25;9,1
770;258;23;6,6
771;258;22;6,2
772;258;52;5
773;259;21;4,7
774;259;2;7,5
775;260;45;8,5
776;260;42;7,2
777;260;36;6,4
778;260;19;8,2
779;261;6;7,6
780;261;46;9,3
781;262;55;8,3
782;262;17;7,2
783;262;10;6,4
784;263;7;8,9
785;263;55;9,3
786;263;48;5,8
787;264;6;9
788;264;21;5,5
789;264;15;4,9
790;264;29;10
791;265;32;9
792;265;15;9,9
793;266;57;6,6
794;266;15;8,9
795;267;1;5,5
796;267;19;4,1
797;268;31;7,3
798;268;54;10
799;268;29;5,2
800;268;27;5,1
801;269;38;9,3
802;269;26;9,9
803;269;41;8,5
804;269;37;8,2
805;270;52;6,2
806;270;17;9,4
807;270;28;9,6
808;271;35;9,7
809;271;23;4,8
810;271;5;9,2
811;272;16;4,8
812;272;51;9,9
813;272;35;8,7
814;272;38;7
815;273;35;8,8
816;273;21;7,6
817;273;7;8,3
818;274;45;9,9
819;274;42;6,8
820;274;36;7,4
821;274;53;4,3
822;275;29;4,4
823;275;32;10
824;275;38;4,1
825;275;28;6,7
826;276;4;9,2
827;276;58;4,9
828;276;23;8,1
829;276;31;4,4
830;277;18;8,4
831;277;37;8,3
832;277;17;6,9
833;277;58;8,2
834;278;26;8
835;278;14;5,9
836;279;44;7,4
837;279;20;9,3
838;279;22;9,7
839;279;15;4,9
840;280;44;4
841;280;38;7,7
842;280;21;8,3
843;280;56;6,2
844;281;50;7,7
845;281;5;7,2
846;282;11;9,9
847;282;47;8,6
848;282;13;9,9
849;282;16;9
850;283;42;7
851;283;60;4,7
852;284;7;7,4
853;284;26;9,7
854;285;52;8,2
855;285;27;4,8
856;285;25;6,1
857;286;20;5,1
858;286;23;6,6
859;287;32;5,6
860;287;6;5,2
861;287;12;6,1
862;288;41;8,5
863;288;6;7,1
864;288;22;4,1
865;288;29;7,6
866;289;4;5
867;289;44;9,8
868;289;24;7,2
869;289;7;4
870;290;20;9,4
871;290;2;7,4
872;290;52;9,2
873;291;13;7,7
874;291;41;5,1
875;292;23;9,2
876;292;7;9,5
877;293;24;6,6
878;293;37;9,1
879;293;12;8,6
880;293;58;7
881;294;2;9,6
882;294;40;9,3
883;294;3;8,8
884;295;52;5,9
885;295;60;5,7
886;296;44;7,1
887;296;12;9,4
888;296;38;7
889;297;10;9,6
890;297;40;9,6
891;297;59;7,3
892;297;22;6,3
893;298;8;4,4
894;298;43;5,5
895;298;36;4,8
896;299;13;4,2
897;299;51;4,4
898;299;26;9,9
899;300;52;8
900;300;54;8,5
901;300;59;7,5
902;301;6;9,5
903;301;43;7,4
904;301;42;8,2
905;301;21;7,1
906;302;42;4,8
907;302;13;8,6
908;302;19;5,8
909;302;21;7,8
910;303;28;6,9
911;303;25;6,9
912;303;6;5,9
913;304;40;7
914;304;25;8,7
915;304;20;5,7
916;305;45;4,2
917;305;4;9,7
918;305;34;5,8
919;305;54;7,5
920;306;35;8,4
921;306;12;7,2
922;306;42;4,3
923;306;21;5,8
924;307;23;4,3
925;307;35;9
926;308;48;9,1
927;308;33;7,1
928;308;34;8,1
929;309;59;4,6
930;309;14;9,7
931;310;46;4,4
932;310;21;5,2
933;311;37;7,7
934;311;41;4,3
935;312;14;4,7
936;312;58;5,7
937;312;45;9,4
938;313;53;9,9
939;313;59;9,9
940;313;54;9
941;313;22;6,2
942;314;3;5,5
943;314;10;8
944;314;39;9,3
945;315;44;9,2
946;315;37;7,8
947;315;46;5,2
948;316;48;8,1
949;316;59;6,5
950;316;18;6,5
951;316;27;5,7
952;317;53;6,9
953;317;50;7,6
954;318;45;6,7
955;318;26;8
956;318;3;5,3
957;318;50;7,8
958;319;11;8,7
959;319;58;4,4
960;320;21;9,7
961;320;11;8,3
962;320;48;8,2
963;320;17;5,7
964;321;19;5,6
965;321;55;8,6
966;321;37;6,4
967;322;6;9,1
968;322;36;5,2
969;323;3;5,4
970;323;31;9
971;323;7;5,1
972;323;8;8,6
973;324;16;7,7
974;324;28;6,6
975;325;29;8,6
976;325;39;8
977;326;50;5,9
978;326;13;7,4
979;326;14;9,7
980;326;47;6
981;327;59;6,8
982;327;12;9,4
983;327;23;4,3
984;328;10;4,4
985;328;19;5,1
986;328;33;5,2
987;329;47;6,6
988;329;29;9,1
989;329;2;7,6
990;329;56;5,7
991;330;10;9,8
992;330;36;4,3
993;331;5;4,1
994;331;27;8,3
995;331;34;8,3
996;331;35;5,9
997;332;10;4,6
998;332;58;5,4
999;333;1;8,9
1000;333;37;8,6
1001;333;4;4,7
1002;334;49;4,2
1003;334;41;7,3
1004;335;42;9,5
1005;335;53;9,6
1006;336;25;6,3
1007;336;19;9,5
1008;336;44;5,4
1009;336;40;6,9
1010;337;23;6,9
1011;337;41;9,4
1012;337;30;6,7
1013;338;15;7,8
1014;338;10;5
1015;338;19;9,8
1016;339;57;8,4
1017;339;11;6,6
1018;339;24;5,8
1019;340;30;8,3
1020;340;27;7,2
1021;341;26;9
1022;341;9;6,1
1023;342;27;8,4
1024;342;57;6,7
1025;342;30;6,3
1026;343;22;6,4
1027;343;21;8,3
1028;343;43;5,2
1029;344;46;7,4
1030;344;13;9,7
1031;345;43;9,4
1032;345;51;7,3
1033;345;40;8,6
1034;345;24;6,4
1035;346;20;6,8
1036;346;14;7,3
1037;346;26;6,7
1038;346;10;9,4
1039;347;27;6
1040;347;4;9,3
1041;347;13;8
1042;347;14;9,6
1043;348;12;8,2
1044;348;29;6,3
1045;348;2;8
1046;349;48;8,6
1047;349;44;7,8
1048;349;37;7,5
1049;350;10;5,9
1050;350;27;5,5
1051;351;9;5,9
1052;351;49;9,6
1053;351;60;7,7
1054;351;32;8,4
1055;352;44;8,7
1056;352;7;4,5
1057;353;59;9,2
1058;353;56;6
1059;354;21;9,4
1060;354;60;5,2
1061;355;14;9
1062;355;20;6,2
1063;356;38;6,7
1064;356;58;6
1065;356;54;5,1
1066;357;7;5
1067;357;52;9,3
1068;357;36;5
1069;358;35;7,7
1070;358;59;4,9
1071;359;41;8,1
1072;359;31;9,4
1073;359;45;9,9
1074;359;18;8
1075;360;59;4,6
1076;360;29;4,2
1077;361;31;8,6
1078;361;25;7,5
1079;361;11;9,9
1080;362;60;7,4
1081;362;29;6,7
1082;362;38;4,1
1083;363;43;9,3
1084;363;37;9,9
1085;363;23;9,3
1086;364;12;7,7
1087;364;9;8,1
1088;365;8;8,7
1089;365;60;8
1090;366;21;9,7
1091;366;19;4,5
1092;366;46;7,6
1093;366;51;8,8
1094;367;40;7,5
1095;367;58;10
1096;368;55;7,1
1097;368;17;9,9
1098;368;13;9,4
1099;369;32;9,4
1100;369;21;4,3
1101;370;45;5,6
1102;370;20;10
1103;371;3;10
1104;371;18;7,9
1105;371;48;8
1106;372;36;9,2
1107;372;3;9,6
1108;372;9;4,1
1109;373;2;9,4
1110;373;20;6,3
1111;373;25;4,2
1112;373;13;8
1113;374;25;7,1
1114;374;22;10
1115;374;24;6,5
1116;374;52;8,2
1117;375;23;5,6
1118;375;47;5,2
1119;376;18;6,7
1120;376;6;8
1121;376;59;8,8
1122;377;56;4,7
1123;377;33;8,9
1124;377;58;8,8
1125;378;16;5,1
1126;378;5;4,4
1127;379;52;9,2
1128;379;16;4,1
1129;379;50;4,1
1130;379;6;8,8
1131;380;5;9,8
1132;380;10;9,8
1133;380;38;7,8
1134;380;41;6
1135;381;7;8,2
1136;381;40;5,2
1137;381;8;8,5
1138;381;4;4,5
1139;382;46;4
1140;382;6;8,7
1141;383;14;8,3
1142;383;4;6,3
1143;384;34;5,2
1144;384;13;9,9
1145;384;31;7,6
1146;384;53;5,1
1147;385;47;9,2
1148;385;44;4,4
1149;385;38;5,1
1150;386;6;9,8
1151;386;12;5,6
1152;387;37;8,2
1153;387;13;4,5
1154;387;45;5,1
1155;387;8;5,9
1156;388;11;7,8
1157;388;26;7,6
1158;389;27;5,3
1159;389;33;5,5
1160;389;41;6,1
1161;389;19;5,4
1162;390;42;9,8
1163;390;57;5,5
1164;391;5;4,4
1165;391;4;6,1
1166;392;4;6,6
1167;392;40;8
1168;392;49;9,4
1169;392;53;6,7
1170;393;44;8,6
1171;393;6;9,5
1172;393;21;8,2
1173;393;38;7,6
1174;394;37;8,4
1175;394;17;5,9
1176;395;48;6,2
1177;395;52;5,8
1178;395;31;6,9
1179;396;48;5
1180;396;13;8,1
1181;396;15;6,5
1182;396;38;9,3
1183;397;60;9,7
1184;397;51;6,4
1185;397;55;9,2
1186;398;29;8,5
1187;398;10;6,5
1188;398;48;4,1
1189;399;51;6,3
1190;399;21;9,2
1191;400;26;4,1
1192;400;24;8,7
1193;401;58;9,7
1194;401;12;5,3
1195;401;10;4,1
1196;401;38;6,8
1197;402;22;7
1198;402;13;4,9
1199;402;2;9
1200;403;18;7,6
1201;403;15;7
1202;403;13;6,6
1203;403;32;9,1
1204;404;43;9,8
1205;404;4;4,4
1206;404;23;5,9
1207;405;39;5,4
1208;405;19;9,7
1209;405;10;8,8
1210;406;32;7,8
1211;406;1;6
1212;406;20;5,9
1213;407;28;4,8
1214;407;40;5,7
1215;407;8;8,3
1216;407;39;8,8
1217;408;24;9,8
1218;408;37;4,4
1219;409;24;5,3
1220;409;27;6
1221;409;16;5,4
1222;410;41;9,8
1223;410;59;8,7
1224;410;58;7,3
1225;411;51;9,4
1226;411;22;9,8
1227;411;45;8,7
1228;411;13;7,4
1229;412;46;7,7
1230;412;38;8,9
1231;413;32;6,8
1232;413;37;4,1
1233;414;57;4,9
1234;414;7;5,9
1235;414;25;7,2
1236;414;49;6,8
1237;415;18;8,7
1238;415;5;8,7
1239;415;29;5,7
1240;415;25;4,9
1241;416;31;5,3
1242;416;16;4
1243;417;53;7,4
1244;417;40;8,7
1245;417;31;9,7
1246;418;21;7,2
1247;418;39;8,9
1248;418;57;7,9
1249;419;39;4,4
1250;419;8;9,3
1251;419;19;7,1
1252;419;47;7
1253;420;51;6,5
1254;420;25;8,9
1255;421;20;5,2
1256;421;17;5,8
1257;422;42;6,5
1258;422;49;6,2
1259;423;29;6,3
1260;423;41;4,9
1261;424;49;9,6
1262;424;21;6,7
1263;424;7;5,2
1264;425;30;4,8
1265;425;19;9,7
1266;425;11;4,7
1267;425;38;9,2
1268;426;31;9
1269;426;24;6,3
1270;426;10;4,2
1271;426;21;6,6
1272;427;26;7,7
1273;427;12;8,6
1274;427;21;7,9
1275;428;37;9,3
1276;428;49;4,3
1277;428;3;8,3
1278;429;32;9,6
1279;429;5;4,8
1280;430;34;9,6
1281;430;11;5,4
1282;431;23;6,5
1283;431;22;8,5
1284;431;6;7
1285;432;4;8,7
1286;432;34;8,2
1287;432;27;7,3
1288;432;42;4,5
1289;433;29;4,7
1290;433;11;9,5
1291;434;15;7,9
1292;434;16;7,3
1293;434;4;4,3
1294;435;15;5,4
1295;435;31;4,9
1296;435;3;9,2
1297;435;49;7
1298;436;25;8
1299;436;49;4,1
1300;436;41;8,6
1301;437;2;8,2
1302;437;43;7,3
1303;437;46;4,2
1304;438;3;6,9
1305;438;14;6,1
1306;438;15;4,5
1307;438;38;9,3
1308;439;58;5,3
1309;439;54;7,2
1310;439;11;9,5
1311;439;26;8,5
1312;440;18;7,1
1313;440;36;5
1314;440;24;5,2
1315;441;17;9,4
1316;441;22;6,4
1317;441;13;7,9
1318;441;21;6,7
1319;442;39;7,1
1320;442;42;6,4
1321;442;43;5,1
1322;443;25;4,6
1323;443;52;9,6
1324;444;13;7,4
1325;444;49;8,5
1326;445;44;8,9
1327;445;14;6,2
1328;445;57;4,3
1329;445;38;7,8
1330;446;57;7,1
1331;446;54;5,9
1332;446;17;5,3
1333;446;14;5,1
1334;447;14;6,3
1335;447;32;6
1336;447;47;9,9
1337;448;49;6,9
1338;448;11;7,6
1339;448;59;8,8
1340;448;32;8
1341;449;5;4,6
1342;449;40;4
1343;450;40;9,1
1344;450;4;9,7
1345;451;20;6,3
1346;451;29;7,4
1347;452;7;6,2
1348;452;4;7,9
1349;453;48;4,5
1350;453;57;6,5
1351;453;24;4,1
1352;454;58;5,8
1353;454;8;5,6
1354;455;8;7,8
1355;455;59;9,7
1356;456;57;9,6
1357;456;60;5
1358;457;6;5,4
1359;457;47;9,2
1360;458;45;8,2
1361;458;36;6,9
1362;458;18;8,4
1363;458;2;4,9
1364;459;26;6,3
1365;459;44;4,2
1366;460;54;5,1
1367;460;30;4,1
1368;460;27;9,4
1369;461;5;8,3
1370;461;50;8,3
1371;461;57;5,2
1372;461;18;5,6
1373;462;18;8,1
1374;462;56;8,9
1375;462;13;10
1376;462;16;4,3
1377;463;54;9,7
1378;463;55;6,9
1379;463;28;5,4
1380;463;36;9,1
1381;464;19;4,5
1382;464;24;6,2
1383;465;35;8
1384;465;11;6,2
1385;465;24;7,3
1386;466;21;7,8
1387;466;48;6,4
1388;467;26;8,6
1389;467;24;4,9
1390;467;30;8
1391;467;23;9,3
1392;468;35;4,5
1393;468;27;5,5
1394;468;24;4,8
1395;468;28;9,5
1396;469;30;9,2
1397;469;29;5
1398;469;49;4,3
1399;469;35;7
1400;470;10;7,8
1401;470;39;8,5
1402;470;22;9,1
1403;470;35;7,4
1404;471;53;6,4
1405;471;45;8,9
1406;472;33;4,3
1407;472;35;4,6
1408;473;17;7,3
1409;473;60;9,7
1410;474;15;6
1411;474;44;4,7
1412;474;46;8,4
1413;474;51;8,8
1414;475;60;8,9
1415;475;26;5,3
1416;475;34;6,1
1417;475;43;6,4
1418;476;15;7,9
1419;476;41;4,9
1420;477;58;4
1421;477;49;8,8
1422;477;13;7
1423;477;46;4,6
1424;478;59;8,2
1425;478;5;5,8
1426;479;20;7,3
1427;479;53;4,6
1428;479;14;8,9
1429;480;2;4,7
1430;480;19;5,1
1431;481;5;6,5
1432;481;17;6,1
1433;481;29;6,4
1434;481;8;8,2
1435;482;22;5,3
1436;482;25;6,6
1437;482;24;7,5
1438;483;41;4,3
1439;483;40;6,9
1440;483;38;4,2
1441;484;23;8,2
1442;484;2;9,2
1443;484;17;6,3
1444;485;50;7,5
1445;485;7;9,3
1446;485;28;9,7
1447;485;45;8,1
1448;486;25;9,8
1449;486;3;8,6
1450;487;31;7,3
1451;487;17;4,5
1452;488;54;4,6
1453;488;46;6,3
1454;488;41;6
1455;488;60;7,6
1456;489;3;7,3
1457;489;21;8,2
1458;489;20;6,7
1459;490;27;4,8
1460;490;7;9,2
1461;490;1;8,7
1462;490;44;9,6
1463;491;5;6,8
1464;491;33;8,2
1465;491;12;6,3
1466;492;42;7,5
1467;492;47;8,2
1468;492;4;6,9
1469;492;17;9,4
1470;493;55;5,7
1471;493;11;6
1472;493;3;4,7
1473;494;54;5,2
1474;494;5;6,9
1475;495;25;8,5
1476;495;50;7,9
1477;496;50;4,3
1478;496;25;5,1
1479;497;56;9,1
1480;497;44;5,4
1481;497;38;6,7
1482;498;59;4,8
1483;498;8;8,4
1484;498;7;9,7
1485;498;11;7,4
1486;499;32;8,2
1487;499;24;4,1
1488;499;51;7,2
1489;500;24;6,5
1490;500;41;4,2
1491;500;35;6,6
1492;500;7;8,2
1493;501;5;5,6
1494;501;6;9,7
1495;502;31;9,5
1496;502;26;9,4
1497;502;33;9,3
1498;503;2;4,5
1499;503;11;5,1
1500;504;29;10
1501;504;43;6,2
1502;505;31;7,9
1503;505;5;7,5
1504;505;51;4,7
1505;506;15;4,9
1506;506;13;4,8
1507;507;26;7,1
1508;507;1;4,1
1509;507;24;7,1
1510;507;4;5,6
1511;508;1;4,8
1512;508;20;9,5
1513;508;57;9,2
1514;508;52;8,8
1515;509;43;6,9
1516;509;31;5,3
1517;510;25;7,8
1518;510;36;7,2
1519;511;10;4,8
1520;511;43;7,1
1521;512;31;9,9
1522;512;33;4,4
1523;513;16;8,5
1524;513;41;9
1525;514;15;6,4
1526;514;53;8,5
1527;514;17;4,3
1528;515;50;5,2
1529;515;26;8,4
1530;515;2;6,2
1531;516;39;5,3
1532;516;54;9,4
1533;516;56;6,9
1534;517;57;8,5
1535;517;27;4,9
1536;517;42;7,6
1537;517;56;5,7
1538;518;28;4,2
1539;518;39;4,4
1540;519;46;8,7
1541;519;58;8,6
1542;520;24;6,4
1543;520;18;6,8
1544;521;20;7,6
1545;521;54;9,5
1546;521;35;9,1
1547;522;33;8,5
1548;522;32;9
1549;522;25;7,5
1550;523;60;8,7
1551;523;44;4,8
1552;523;39;6
1553;523;43;8,1
1554;524;35;7,8
1555;524;34;5,5
1556;524;40;5,6
1557;525;56;7,1
1558;525;19;5,9
1559;525;39;9,4
1560;526;37;6,1
1561;526;13;5,8
1562;527;34;5,7
1563;527;44;7,6
1564;527;27;8
1565;528;50;9,3
1566;528;40;4,8
1567;529;19;8,3
1568;529;13;7,3
1569;529;44;5,2
1570;529;24;6,8
1571;530;12;5,7
1572;530;8;5,5
1573;530;47;7,6
1574;530;57;7,8
1575;531;12;8,9
1576;531;57;6,2
1577;531;42;6,3
1578;532;18;7,2
1579;532;60;4,9
1580;532;37;7,6
1581;532;30;5,5
1582;533;53;4
1583;533;36;5,1
1584;533;26;9,6
1585;534;30;7,5
1586;534;60;5,7
1587;534;36;7,4
1588;535;18;9,9
1589;535;4;7,8
1590;536;39;6,6
1591;536;7;5,9
1592;536;31;4,8
1593;537;24;8,8
1594;537;49;4,3
1595;538;18;7,3
1596;538;7;5,6
1597;539;60;8,1
1598;539;48;5,2
1599;540;37;6
1600;540;4;7,7
1601;540;1;5,7
1602;540;8;6,6
1603;541;15;7,6
1604;541;40;8,5
1605;542;23;4,1
1606;542;54;7,5
1607;542;16;8,6
1608;542;10;5
1609;543;14;4,1
1610;543;35;5
1611;543;40;7,4
1612;544;18;4,6
1613;544;52;9,1
1614;544;32;5,3
1615;544;8;6,8
1616;545;58;9,5
1617;545;12;5,7
1618;546;16;5,9
1619;546;43;7,5
1620;547;55;5,4
1621;547;25;9,1
1622;547;29;6,5
1623;547;14;6,7
1624;548;48;6,3
1625;548;57;7,7
1626;549;2;5,6
1627;549;35;9,3
1628;549;49;6,9
1629;550;22;7
1630;550;21;6,3
1631;550;2;6,7
1632;550;32;5,2
1633;551;46;7,6
1634;551;5;8,2
1635;552;11;5,2
1636;552;51;5,9
1637;552;26;6,4
1638;553;46;9,4
1639;553;19;6,3
1640;554;2;7,4
1641;554;44;7,9
1642;554;60;4,4
1643;555;52;6,1
1644;555;2;6,3
1645;555;25;6,9
1646;555;37;8,3
1647;556;6;6,1
1648;556;28;5,6
1649;556;17;9,5
1650;557;31;9,1
1651;557;11;7,9
1652;557;15;7,6
1653;558;55;9,9
1654;558;3;6,2
1655;559;6;9,5
1656;559;46;4,6
1657;560;36;7,2
1658;560;4;5,5
1659;560;17;4,9
1660;560;6;4,8
1661;561;18;5,1
1662;561;56;6,5
1663;561;59;5
1664;562;15;4,6
1665;562;56;4,3
1666;563;51;5,7
1667;563;56;6,8
1668;563;48;6,5
1669;563;12;5
1670;564;52;7,6
1671;564;13;4,5
1672;565;18;8,7
1673;565;53;7,2
1674;566;36;8,3
1675;566;49;4,9
1676;566;24;9,6
1677;567;51;6
1678;567;1;5
1679;568;33;7
1680;568;53;9,4
1681;568;2;6,4
1682;569;4;4,9
1683;569;31;4,8
1684;570;54;5,7
1685;570;24;5,5
1686;570;37;5,1
1687;570;51;4,7
1688;571;11;7,6
1689;571;41;4,3
1690;572;9;6,8
1691;572;1;8,8
1692;572;19;8,1
1693;573;36;6,4
1694;573;35;7,2
1695;573;47;9,8
1696;574;23;8,3
1697;574;51;8,5
1698;574;39;8,5
1699;574;37;7,1
1700;575;11;7
1701;575;33;8,8
1702;575;55;5,2
1703;576;24;7,6
1704;576;54;6,5
1705;576;20;6,3
1706;576;8;6,2
1707;577;32;4,1
1708;577;13;6,6
1709;577;49;7,8
1710;578;29;7,5
1711;578;56;8,6
1712;579;42;5,8
1713;579;51;5,5
1714;580;58;9,4
1715;580;15;5,5
1716;581;30;9,3
1717;581;46;6,8
1718;581;24;6,5
1719;582;16;9,4
1720;582;10;9,5
1721;583;24;6,8
1722;583;4;6,3
1723;583;23;7,9
1724;584;5;6,1
1725;584;39;7,1
1726;584;19;6,9
1727;585;5;5,2
1728;585;23;9,5
1729;585;22;5
1730;586;10;8,3
1731;586;48;5,6
1732;587;33;7,8
1733;587;14;6,2
1734;588;26;7,7
1735;588;22;6,1
1736;588;52;6
1737;589;4;7,5
1738;589;52;9,3
1739;589;34;8,6
1740;590;49;8
1741;590;33;7,3
1742;590;3;8,5
1743;591;5;6,3
1744;591;10;8
1745;591;60;6,6
1746;591;53;8,3
1747;592;10;5,2
1748;592;49;7,7
1749;592;59;5,7
1750;593;3;4,1
1751;593;20;4,8
1752;594;37;8,8
1753;594;13;9,3
1754;594;27;6,6
1755;595;17;9,9
1756;595;59;5
1757;595;14;4,2
1758;595;1;8,4
1759;596;15;9,5
1760;596;30;5
1761;597;32;6,8
1762;597;8;9,4
1763;597;6;7,7
1764;597;43;9,9
1765;598;17;7,3
1766;598;37;9,4
1767;598;36;8,5
1768;599;43;8
1769;599;21;9
1770;599;34;7,5
1771;599;10;8,1
1772;600;50;8,9
1773;600;58;6,6
1774;600;16;5,6
1775;600;15;9,6
1776;601;32;4,3
1777;601;47;7,6
1778;601;26;8,8
1779;602;7;7,3
1780;602;53;9,1
1781;602;10;5,3
1782;603;30;4,9
1783;603;58;4,6
1784;604;33;6,4
1785;604;24;7,4
1786;604;27;5,8
1787;604;48;5,5
1788;605;31;8,6
1789;605;60;9,6
1790;605;43;4,3
1791;605;5;6,4
1792;606;10;9,9
1793;606;27;6
1794;606;31;6,2
1795;607;16;10
1796;607;32;9,6
1797;607;57;6,4
1798;608;26;9,1
1799;608;28;5,7
1800;609;52;6
1801;609;11;6,3
1802;609;22;4,5
1803;609;39;4,5
1804;610;1;7
1805;610;10;4,6
1806;610;35;9,8
1807;610;28;8,8
1808;611;10;5,1
1809;611;4;4,8
1810;611;1;9,9
1811;611;31;6,2
1812;612;59;8
1813;612;53;4,5
1814;612;45;5
1815;612;23;5,9
1816;613;3;4,5
1817;613;38;4,2
1818;614;53;5,2
1819;614;60;5
1820;615;53;5,6
1821;615;32;5,7
1822;615;7;9
1823;616;54;5,7
1824;616;40;4,4
1825;617;55;8,7
1826;617;17;7,1
1827;617;11;7
1828;617;42;5,3
1829;618;3;6
1830;618;26;5
1831;618;55;6,8
1832;619;23;5,8
1833;619;33;8,2
1834;619;20;6,4
1835;620;51;5,9
1836;620;55;6
1837;621;30;8,2
1838;621;10;4,2
1839;622;38;4,7
1840;622;57;4,6
1841;623;9;4,4
1842;623;10;8,6
1843;623;47;8,1
1844;624;16;6,5
1845;624;46;9,6
1846;624;31;8
1847;624;28;8
1848;625;38;5,3
1849;625;20;6,8
1850;625;60;4,2
1851;625;46;4,9
1852;626;23;4,3
1853;626;5;9
1854;627;25;7
1855;627;12;7,9
1856;627;53;6,4
1857;628;56;8,9
1858;628;21;8,5
1859;628;29;8,2
1860;628;9;8
1861;629;56;9,2
1862;629;45;5
1863;629;12;5,5
1864;629;1;4,6
1865;630;10;4,8
1866;630;3;7,1
1867;630;57;7
1868;631;59;5,1
1869;631;13;4,2
1870;631;47;4,1
1871;632;46;7,7
1872;632;22;6
1873;632;52;4,6
1874;633;13;8,1
1875;633;14;9,1
1876;633;10;8,5
1877;633;22;5,6
1878;634;57;7,7
1879;634;34;7,7
1880;634;38;6,6
1881;635;52;7,5
1882;635;3;5,7
1883;635;30;10
1884;635;47;6,7
1885;636;22;7,5
1886;636;2;9,8
1887;636;27;4,4
1888;637;60;9,3
1889;637;30;7,4
1890;637;59;9,5
1891;638;15;9,3
1892;638;29;9,1
1893;638;17;8,9
1894;638;20;8
1895;639;17;5,4
1896;639;26;5,3
1897;639;1;8,9
1898;639;34;5,4
1899;640;28;9,8
1900;640;4;8,8
1901;641;35;7,3
1902;641;53;6,5
1903;641;58;7
1904;642;51;8,6
1905;642;50;8
1906;642;41;7
1907;642;20;7,5
1908;643;43;4,7
1909;643;36;5,4
1910;643;19;9,9
1911;643;50;7,4
1912;644;12;5,2
1913;644;35;8,1
1914;644;42;4,5
1915;645;16;4,8
1916;645;31;8,5
1917;645;2;5,5
1918;645;7;7,9
1919;646;17;6,6
1920;646;27;8,4
1921;646;11;6,2
1922;646;58;8,6
1923;647;20;7,3
1924;647;35;4,4
1925;647;45;9,9
1926;648;55;4
1927;648;60;5,4
1928;649;12;6,7
1929;649;8;4,7
1930;649;49;8,6
1931;650;30;8
1932;650;33;5,7
1933;650;8;4,5
1934;650;31;8,7
1935;651;12;5,1
1936;651;25;9,7
1937;651;52;8,4
1938;652;52;10
1939;652;51;5
1940;652;50;6,1
1941;652;6;7,1
1942;653;35;8,5
1943;653;13;6,1
1944;653;31;6
1945;653;60;6,3
1946;654;7;8,7
1947;654;52;6,4
1948;654;33;5
1949;655;41;8,5
1950;655;31;4,4
1951;655;50;10
1952;655;38;5,4
1953;656;60;7,3
1954;656;59;6,7
1955;656;50;5,9
1956;656;32;6,2
1957;657;3;5,1
1958;657;29;7,4
1959;658;43;6,2
1960;658;60;6
1961;659;54;6,8
1962;659;1;4,8
1963;659;21;4,6
1964;659;56;7,1
1965;660;38;6,8
1966;660;9;7,3
1967;661;47;7,7
1968;661;49;4,2
1969;661;22;9
1970;661;8;5,9
1971;662;35;5,8
1972;662;53;9,2
1973;662;28;4,3
1974;663;43;5,5
1975;663;9;6,3
1976;663;45;4,9
1977;664;55;9,9
1978;664;27;6,2
1979;664;5;7
1980;665;20;6
1981;665;27;8,3
1982;665;2;9,2
1983;665;19;9,6
1984;666;39;4,7
1985;666;55;9,8
1986;666;7;8,6
1987;666;24;5,9
1988;667;12;5,3
1989;667;37;8,8
1990;668;4;5,9
1991;668;18;8,6
1992;669;59;8,3
1993;669;55;9,6
1994;669;6;9,2
1995;669;52;7,3
1996;670;43;6,4
1997;670;20;9,6
1998;670;7;5,9
1999;670;58;9,3
2000;671;43;5,6
2001;671;22;4,3
2002;672;7;4
2003;672;38;9,3
2004;673;31;6,2
2005;673;52;7,3
2006;674;11;9,4
2007;674;38;5,5
2008;674;36;6
2009;675;42;7,4
2010;675;59;9,2
2011;676;52;8,4
2012;676;2;4,8
2013;676;31;8,4
2014;676;14;8,9
2015;677;33;8,1
2016;677;16;9,3
2017;677;27;7,5
2018;677;1;8,4
2019;678;32;5,4
2020;678;36;6,6
2021;679;43;7,2
2022;679;25;6,1
2023;679;13;6,4
2024;679;53;7,5
2025;680;19;9,1
2026;680;18;4,7
2027;680;16;6,5
2028;680;40;7,9
2029;681;1;7,5
2030;681;8;8,5
2031;681;26;8,1
2032;682;12;4,7
2033;682;53;8
2034;682;42;4,8
2035;682;38;4,2
2036;683;48;8,4
2037;683;3;8,1
2038;684;14;9,8
2039;684;18;7,4
2040;685;14;8,2
2041;685;46;6,5
2042;685;8;6
2043;685;54;6,7
2044;686;47;8,7
2045;686;42;9,2
2046;687;27;7,1
2047;687;25;5,7
2048;687;43;8
2049;688;10;5,1
2050;688;14;8
2051;688;25;9,7
2052;688;23;5,5
2053;689;18;5,5
2054;689;28;6,6
2055;689;4;5
2056;690;48;7,1
2057;690;30;5,2
2058;691;57;4,8
2059;691;19;5,7
2060;692;50;8,7
2061;692;1;7,2
2062;692;31;7,5
2063;693;20;6,7
2064;693;42;8,1
2065;693;15;5,7
2066;694;25;6,9
2067;694;18;6,6
2068;694;11;4,8
2069;695;42;6,3
2070;695;32;9,9
2071;696;33;4,7
2072;696;42;8,3
2073;696;60;7,1
2074;696;10;8,1
2075;697;56;8,8
2076;697;43;8,5
2077;697;34;4,1
2078;698;57;5,7
2079;698;7;8,9
2080;698;16;8,5
2081;698;58;8
2082;699;55;9,5
2083;699;40;9,5
2084;699;37;7,8
2085;699;52;9,9
2086;700;10;6
2087;700;2;8,1
2088;701;27;6,9
2089;701;37;5,1
2090;701;22;8,4
2091;701;1;8,3
2092;702;17;5,6
2093;702;45;5,2
2094;702;52;6,4
2095;703;37;6,8
2096;703;23;5,2
2097;703;7;5,5
2098;703;25;4,3
2099;704;23;5,4
2100;704;31;6
2101;704;49;5,4
2102;705;2;7,4
2103;705;45;4,8
2104;705;5;6,5
2105;705;7;4,3
2106;706;27;4,4
2107;706;35;8,1
2108;706;48;9,9
2109;707;46;8,4
2110;707;9;5,3
2111;707;15;4,6
2112;708;1;6,5
2113;708;59;9,9
2114;708;38;7,9
2115;709;58;6
2116;709;14;5,4
2117;709;6;4,7
2118;710;51;8,5
2119;710;39;9,6
2120;710;35;5,4
2121;711;45;5
2122;711;18;8,5
2123;711;35;8,4
2124;712;53;6,5
2125;712;14;6
2126;712;51;4,5
2127;713;15;4
2128;713;60;8,2
2129;713;37;9,6
2130;713;18;8,5
2131;714;45;4,6
2132;714;11;7,8
2133;714;2;4,1
2134;714;48;5,7
2135;715;53;5,4
2136;715;11;4,3
2137;716;13;5,3
2138;716;53;4,8
2139;717;4;5,4
2140;717;43;4,8
2141;717;29;4,7
2142;718;14;9,3
2143;718;24;5,8
2144;718;41;8,1
2145;718;49;4,9
2146;719;54;5
2147;719;58;6,3
2148;720;24;7,2
2149;720;3;8,1
2150;721;7;4,9
2151;721;6;4,4
2152;721;49;6,5
2153;722;15;5
2154;722;45;8,3
2155;722;53;8,3
2156;723;34;9,4
2157;723;58;9,5
2158;723;60;9,9
2159;723;38;9,3
2160;724;54;7,2
2161;724;39;7,4
2162;725;28;9
2163;725;12;6,7
2164;725;40;5,9
2165;726;14;8,6
2166;726;60;4,1
2167;726;47;6,4
2168;726;52;6,3
2169;727;30;7,5
2170;727;60;8,8
2171;727;6;4,8
2172;727;56;4,3
2173;728;45;7,4
2174;728;35;6,4
2175;728;55;7,9
2176;728;8;8,3
2177;729;4;5,1
2178;729;34;9,3
2179;730;16;4,3
2180;730;59;9,1
2181;731;57;7,3
2182;731;5;6
2183;731;16;7,2
2184;731;35;5,6
2185;732;36;5,1
2186;732;9;6,6
2187;732;53;9,1
2188;733;9;8,7
2189;733;52;8,2
2190;734;34;7,7
2191;734;10;4,4
2192;735;41;8,6
2193;735;35;6,8
2194;735;6;8,1
2195;735;48;10
2196;736;2;4,1
2197;736;3;4,2
2198;736;49;8
2199;737;56;8,3
2200;737;52;4,5
2201;738;49;8,8
2202;738;48;7,5
2203;739;45;6,9
2204;739;13;8,8
2205;740;51;7,9
2206;740;58;4,3
2207;740;35;7,8
2208;741;2;5,9
2209;741;47;8
2210;741;10;8,8
2211;741;23;7
2212;742;49;5
2213;742;19;7,3
2214;742;17;4,9
2215;743;37;6,9
2216;743;35;9,5
2217;743;31;4,5
2218;743;19;5,1
2219;744;33;4,3
2220;744;40;6,3
2221;744;51;4,2
2222;745;30;7,6
2223;745;2;4
2224;745;3;5,6
2225;746;25;7,8
2226;746;23;4,5
2227;747;34;6,3
2228;747;18;4,7
2229;747;10;6,5
2230;747;26;8,8
2231;748;15;4,3
2232;748;21;5,9
2233;748;24;5
2234;748;43;7,5
2235;749;3;6,8
2236;749;36;6,4
2237;749;46;5,4
2238;749;41;7,6
2239;750;36;8,7
2240;750;30;4,1
2241;750;40;7,7
2242;750;23;7,8
2243;751;12;5,6
2244;751;9;4,3
2245;751;5;4,7
2246;751;4;6,4
2247;752;8;7,2
2248;752;57;4
2249;752;36;7,8
2250;752;59;5,6
2251;753;12;9,3
2252;753;36;5,5
2253;753;31;5,2
2254;753;32;8,3
2255;754;34;4,4
2256;754;42;5,6
2257;755;44;4,8
2258;755;5;6,4
2259;756;19;7,4
2260;756;47;8
2261;756;11;8,4
2262;756;34;6,4
2263;757;2;9,3
2264;757;16;8,5
2265;758;24;8,4
2266;758;47;7,2
2267;759;7;9,8
2268;759;20;5,5
2269;760;56;6,3
2270;760;3;9,7
2271;760;53;7,8
2272;761;23;6,2
2273;761;49;5,7
2274;762;12;8,7
2275;762;26;8,3
2276;763;22;5,1
2277;763;35;5,2
2278;763;44;9,2
2279;764;2;6,3
2280;764;43;6,5
2281;764;6;5,7
2282;764;31;5,7
2283;765;53;9,5
2284;765;34;8,6
2285;765;33;8,4
2286;765;59;6,2
2287;766;45;9
2288;766;33;5,7
2289;766;34;8,4
2290;766;12;4,8
2291;767;54;8,1
2292;767;45;4,2
2293;767;4;8,1
2294;767;44;4,3
2295;768;16;5,3
2296;768;14;9,8
2297;768;59;8,9
2298;769;54;5,5
2299;769;34;5,9
2300;770;8;8,8
2301;770;26;8,8
2302;770;47;4,5
2303;770;15;8,3
2304;771;34;9,3
2305;771;30;4,7
2306;771;47;4,3
2307;772;16;4,5
2308;772;38;8,1
2309;773;14;7,9
2310;773;9;10
2311;773;26;4,2
2312;774;55;4,5
2313;774;3;4,5
2314;774;47;8,5
2315;775;32;4,6
2316;775;49;9,8
2317;775;21;9,2
2318;775;25;8,7
2319;776;56;4,1
2320;776;34;5,1
2321;776;58;8,9
2322;776;1;10
2323;777;38;6
2324;777;7;6,5
2325;778;9;9,5
2326;778;54;5,5
2327;778;39;6,3
2328;778;34;6,8
2329;779;32;8,9
2330;779;17;7,6
2331;779;47;9,8
2332;779;19;9,4
2333;780;57;8,1
2334;780;40;6,4
2335;781;51;4,3
2336;781;23;5,9
2337;781;9;4,4
2338;781;57;4,7
2339;782;41;4,7
2340;782;50;5,8
2341;782;37;5,4
2342;782;19;7,2
2343;783;54;4,8
2344;783;2;10
2345;783;38;5,2
2346;784;11;4,9
2347;784;14;5,4
2348;784;39;5,7
2349;784;33;6
2350;785;6;9,6
2351;785;17;8,2
2352;786;19;6,4
2353;786;9;8,5
2354;786;34;9
2355;786;35;7,8
2356;787;16;6,4
2357;787;32;6,6
2358;787;60;8,7
2359;788;34;4,6
2360;788;45;8,5
2361;789;50;9,6
2362;789;55;9,7
2363;789;2;9,2
2364;790;34;5,2
2365;790;57;6,3
2366;791;6;4,2
2367;791;53;4,9
2368;791;56;6,7
2369;791;49;5,9
2370;792;14;5,3
2371;792;7;9,4
2372;792;12;6,1
2373;792;50;8,9
2374;793;36;4,7
2375;793;12;7,8
2376;793;28;6,9
2377;793;37;8,6
2378;794;58;9,9
2379;794;10;9
2380;794;40;5,7
2381;794;14;9,8
2382;795;16;9,4
2383;795;20;4
2384;796;29;5,8
2385;796;50;6,9
2386;796;13;8
2387;796;22;7,3
2388;797;9;5,4
2389;797;27;6,2
2390;797;3;8,3
2391;797;14;4,3
2392;798;24;7,6
2393;798;29;4,3
2394;798;45;6,2
2395;798;2;7,4
2396;799;5;5,1
2397;799;52;4,1
2398;799;19;10
2399;799;37;10
2400;800;52;7,6
2401;800;11;7,4
2402;800;26;9,7
2403;800;49;6,5
2404;801;37;8,7
2405;801;52;5,8
2406;801;25;7,3
2407;801;56;7,6
2408;802;48;9,9
2409;802;47;6,7
2410;802;44;9,3
2411;802;49;5,8
2412;803;51;7,8
2413;803;24;7,4
2414;803;38;4,9
2415;803;25;7,4
2416;804;2;9,3
2417;804;50;7,4
2418;804;33;8,8
2419;805;12;5,1
2420;805;57;5,1
2421;806;19;4,8
2422;806;50;9,8
2423;807;37;6,4
2424;807;36;8,2
2425;807;4;9,9
2426;808;10;4,7
2427;808;26;8,6
2428;808;41;9,8
2429;809;42;5
2430;809;29;5,3
2431;810;47;5,3
2432;810;15;8
2433;810;34;7,6
2434;810;39;6,2
2435;811;58;4,8
2436;811;34;9,4
2437;812;54;9,9
2438;812;53;9
2439;813;27;4,7
2440;813;57;4,9
2441;813;43;8,2
2442;814;28;8,8
2443;814;22;8,7
2444;814;2;6,4
2445;814;36;8,6
2446;815;44;5,6
2447;815;10;8,7
2448;815;28;6,3
2449;815;43;6,3
2450;816;41;9
2451;816;5;4,1
2452;816;60;6,9
2453;817;7;8,1
2454;817;44;4,9
2455;817;54;5,1
2456;818;21;8,5
2457;818;37;5,5
2458;818;22;5,2
2459;818;60;5,6
2460;819;10;8,6
2461;819;16;9,1
2462;819;38;5,6
2463;819;51;9,4
2464;820;54;6,9
2465;820;11;5,3
2466;821;43;7,1
2467;821;55;7,6
2468;822;5;9
2469;822;4;8,6
2470;822;8;7
2471;823;6;5,2
2472;823;43;7,7
2473;824;4;6,3
2474;824;5;4,3
2475;825;18;7,6
2476;825;6;9,1
2477;825;19;5,9
2478;825;41;6,7
2479;826;56;7,1
2480;826;41;9,2
2481;827;42;4,9
2482;827;27;8,4
2483;827;41;5,3
2484;828;18;7
2485;828;2;6,7
2486;828;58;5,7
2487;829;4;9,7
2488;829;46;9,3
2489;830;26;8
2490;830;49;7,6
2491;830;56;6,1
2492;830;27;7,3
2493;831;48;7
2494;831;56;7,8
2495;832;60;9,9
2496;832;25;7,4
2497;832;4;9,6
2498;833;50;4,1
2499;833;17;9,6
2500;834;35;5,2
2501;834;17;6,7
2502;834;5;4,5
2503;834;13;4,8
2504;835;23;5
2505;835;46;6,1
2506;835;60;9,8
2507;836;30;9,6
2508;836;35;6,8
2509;837;55;9,4
2510;837;58;8,1
2511;838;39;4
2512;838;11;4,7
2513;839;16;9,9
2514;839;53;5,9
2515;839;33;6,8
2516;840;37;5,1
2517;840;23;6,7
2518;840;25;9,3
2519;840;8;7,3
2520;841;17;8,4
2521;841;38;5
2522;841;4;7,5
2523;842;10;6,4
2524;842;56;7,1
2525;843;28;5,7
2526;843;18;4,3
2527;844;14;9
2528;844;44;6,4
2529;844;17;7,2
2530;845;58;8,4
2531;845;30;7
2532;846;11;4,1
2533;846;59;5
2534;846;12;4,6
2535;846;5;6,9
2536;847;35;7,8
2537;847;53;5,6
2538;847;12;9,6
2539;847;7;6,5
2540;848;35;6,9
2541;848;22;8,4
2542;848;48;7,6
2543;848;54;5,4
2544;849;56;9,2
2545;849;53;7,2
2546;849;15;9,3
2547;850;12;6,5
2548;850;35;6
2549;850;44;7,4
2550;850;21;6,7
2551;851;2;7,5
2552;851;32;8,3
2553;851;51;6,6
2554;851;45;8,1
2555;852;30;8,2
2556;852;31;6,4
2557;853;16;7,1
2558;853;58;8,8
2559;853;26;9,2
2560;854;24;4
2561;854;49;7,2
2562;855;43;5
2563;855;54;5,3
2564;856;21;4,5
2565;856;44;6,4
2566;856;11;9,2
2567;857;1;7,2
2568;857;50;6,7
2569;857;22;4,6
2570;858;26;8,4
2571;858;37;7,1
2572;858;10;8,6
2573;859;5;4,8
2574;859;37;7,4
2575;860;49;7,3
2576;860;39;7,2
2577;860;3;8,1
2578;861;28;7,7
2579;861;40;5,7
2580;862;56;9,4
2581;862;2;4,2
2582;862;11;6
2583;862;9;4,2
2584;863;45;9,1
2585;863;47;6,6
2586;863;15;8,3
2587;863;43;8,3
2588;864;33;4,8
2589;864;19;9,3
2590;864;42;6
2591;865;40;4,4
2592;865;33;4,5
2593;865;36;6,1
2594;865;41;7,8
2595;866;30;4,2
2596;866;52;7,9
2597;866;49;4,5
2598;866;59;9,5
2599;867;58;6,4
2600;867;35;6,3
2601;868;35;9,8
2602;868;50;5,1
2603;869;29;4,5
2604;869;18;7,7
2605;869;25;8,3
2606;869;50;8
2607;870;32;7
2608;870;40;7,3
2609;870;35;9,1
2610;871;59;8,3
2611;871;28;4,9
2612;871;33;9
2613;871;32;5,9
2614;872;13;8,7
2615;872;32;7,2
2616;872;48;8,1
2617;872;3;4
2618;873;12;5,4
2619;873;44;4,3
2620;873;41;5,6
2621;873;51;4,2
2622;874;49;7,7
2623;874;25;8,1
2624;874;47;7,4
2625;875;44;5
2626;875;8;9,4
2627;876;50;6,1
2628;876;48;6,2
2629;877;12;6,4
2630;877;60;7,6
2631;877;34;5,2
2632;878;53;5,1
2633;878;40;5,5
2634;878;19;9,7
2635;879;35;5,6
2636;879;48;6,3
2637;879;37;9,2
2638;879;55;9,2
2639;880;35;9,5
2640;880;58;9,6
2641;881;26;4,5
2642;881;11;8,1
2643;881;17;6
2644;882;49;6,9
2645;882;22;9,5
2646;882;47;6,1
2647;882;60;5
2648;883;11;9,2
2649;883;26;5,3
2650;883;38;7,2
2651;883;15;8,7
2652;884;7;9,9
2653;884;15;7
2654;884;56;7,4
2655;885;24;6,9
2656;885;2;5,6
2657;885;42;6,3
2658;886;21;6,9
2659;886;2;8,1
2660;886;40;8,9
2661;886;49;5,3
2662;887;20;7,7
2663;887;41;9,3
2664;888;53;9
2665;888;37;9,5
2666;888;5;7,6
2667;888;60;5
2668;889;34;8,2
2669;889;54;7,5
2670;890;51;9
2671;890;3;5,3
2672;890;6;5,8
2673;891;19;6
2674;891;30;6
2675;891;7;4,6
2676;892;12;5,3
2677;892;24;6,5
2678;892;40;8,4
2679;892;57;9,7
2680;893;16;6,6
2681;893;52;9,1
2682;894;2;5,6
2683;894;40;9,1
2684;895;56;5,7
2685;895;42;8,6
2686;895;52;4,5
2687;895;7;8,7
2688;896;30;7,7
2689;896;25;9,7
2690;897;45;7,1
2691;897;38;7,4
2692;898;47;6,9
2693;898;54;5,6
2694;898;9;4,8
2695;898;49;9,1
2696;899;36;6,4
2697;899;55;9,3
2698;899;50;9,6
2699;899;23;7,3
2700;900;27;9,2
2701;900;4;7,5
2702;900;21;6,5
2703;901;35;5,8
2704;901;29;5
2705;901;18;7
2706;902;33;9,4
2707;902;22;5,7
2708;902;48;7,8
2709;903;38;9,2
2710;903;28;8,7
2711;903;24;9
2712;903;51;5,7
2713;904;9;4,7
2714;904;20;4,5
2715;904;40;8,2
2716;904;59;9,9
2717;905;9;9,1
2718;905;60;9,3
2719;906;10;5,8
2720;906;52;7,8
2721;907;42;9,8
2722;907;57;4,8
2723;907;15;9,3
2724;907;5;9,3
2725;908;52;9,2
2726;908;21;4,4
2727;909;21;6,9
2728;909;22;7,1
2729;910;41;5,1
2730;910;28;4,6
2731;910;36;5,8
2732;910;48;9,1
2733;911;40;6,9
2734;911;25;7
2735;911;38;9,1
2736;911;46;9,9
2737;912;28;9,4
2738;912;29;8,7
2739;913;19;8,5
2740;913;42;4,8
2741;913;27;9,1
2742;913;10;9,9
2743;914;11;5,3
2744;914;59;9,8
2745;914;24;7,2
2746;914;19;8,8
2747;915;46;8,8
2748;915;35;4,6
2749;916;13;4,4
2750;916;54;5,2
2751;917;57;7,9
2752;917;54;7,8
2753;918;6;4
2754;918;4;4,5
2755;918;25;5,5
2756;918;48;5,6
2757;919;14;7,3
2758;919;46;6,1
2759;920;11;7,1
2760;920;50;4,5
2761;920;31;6,7
2762;920;26;8,7
2763;921;31;5,6
2764;921;30;9,8
2765;921;21;7,4
2766;922;31;4,9
2767;922;9;7,4
2768;922;25;4,2
2769;923;40;7,1
2770;923;6;8,7
2771;924;48;7,9
2772;924;30;5,4
2773;924;25;4,6
2774;924;58;4,3
2775;925;46;9,8
2776;925;29;7,9
2777;926;5;8,1
2778;926;30;5,2
2779;927;47;7,9
2780;927;14;9,8
2781;927;60;9,7
2782;927;37;9,6
2783;928;12;9,7
2784;928;10;9,5
2785;928;37;5,3
2786;929;57;8,4
2787;929;11;8,8
2788;929;7;7,9
2789;930;5;7,3
2790;930;41;4,9
2791;930;20;9,4
2792;930;16;6
2793;931;45;7,5
2794;931;16;9,4
2795;931;51;5,2
2796;932;20;6,9
2797;932;18;7,9
2798;932;27;8,4
2799;932;8;9,3
2800;933;11;6,4
2801;933;52;5,5
2802;934;37;5,6
2803;934;22;5,5
2804;935;40;4,7
2805;935;46;9,4
2806;935;47;7,6
2807;936;29;5
2808;936;1;4,4
2809;936;12;4,3
2810;936;37;5,5
2811;937;30;7
2812;937;49;4,7
2813;937;34;6,9
2814;937;59;9,4
2815;938;9;9,7
2816;938;38;7,1
2817;938;36;4,8
2818;939;52;8,5
2819;939;44;4,6
2820;940;26;8,4
2821;940;47;4,3
2822;940;51;5,1
2823;941;57;5,6
2824;941;3;7,3
2825;942;52;7,1
2826;942;44;7
2827;942;57;7,4
2828;942;30;6,1
2829;943;45;8,3
2830;943;48;9,3
2831;944;33;7,8
2832;944;23;6,4
2833;944;12;4,4
2834;944;16;9
2835;945;13;5,7
2836;945;2;5,8
2837;946;42;7,4
2838;946;6;8,8
2839;946;53;5,9
2840;947;5;9,2
2841;947;23;9,7
2842;947;54;9,2
2843;948;58;4,1
2844;948;60;4,9
2845;948;56;7,5
2846;948;6;8,7
2847;949;38;4,1
2848;949;48;5,8
2849;949;23;6,9
2850;949;43;7,9
2851;950;33;8,9
2852;950;13;9,5
2853;950;4;7,5
2854;950;40;10
2855;951;14;7,6
2856;951;44;4,6
2857;952;10;4,3
2858;952;26;4,9
2859;953;8;4,9
2860;953;14;9,2
2861;954;30;4,8
2862;954;27;4,7
2863;954;49;8,6
2864;954;43;8
2865;955;8;6,4
2866;955;25;4,8
2867;956;3;7,7
2868;956;8;4,2
2869;957;47;8
2870;957;22;9,6
2871;958;60;9,6
2872;958;16;8,5
2873;958;13;5,3
2874;959;37;6,3
2875;959;13;5,3
2876;959;28;4,1
2877;960;30;9,3
2878;960;42;8,9
2879;961;7;5,7
2880;961;10;4,6
2881;961;49;5,7
2882;961;51;8,7
2883;962;26;9,5
2884;962;41;9,2
2885;962;34;7,5
2886;962;9;6
2887;963;10;5,7
2888;963;39;4,8
2889;964;13;10
2890;964;45;6,1
2891;964;55;6,3
2892;964;24;8,7
2893;965;48;9,6
2894;965;42;8,3
2895;965;1;7,4
2896;965;52;6,1
2897;966;38;8,7
2898;966;32;5,4
2899;966;53;6,7
2900;966;2;4,9
2901;967;28;6,2
2902;967;60;6
2903;968;25;9,5
2904;968;20;5,3
2905;968;49;4,2
2906;969;57;8,7
2907;969;48;4,2
2908;970;60;4,7
2909;970;4;7,7
2910;970;28;6,9
2911;971;32;7,6
2912;971;18;4,4
2913;971;4;8,3
2914;971;11;9,8
2915;972;28;4,1
2916;972;56;5,4
2917;972;38;4,8
2918;973;34;4,6
2919;973;42;5,9
2920;973;58;9,7
2921;974;53;8,1
2922;974;57;7,9
2923;975;45;9,2
2924;975;46;4,2
2925;976;8;7,7
2926;976;2;9,4
2927;977;32;8,6
2928;977;37;6,7
2929;977;59;6,5
2930;978;40;6,7
2931;978;5;8,1
2932;978;24;10
2933;979;19;5
2934;979;28;5,5
2935;979;54;6,9
2936;980;9;8,9
2937;980;54;6,8
2938;981;8;7,3
2939;981;3;8,6
2940;982;8;8,8
2941;982;3;8,4
2942;982;14;6,5
2943;982;2;5,4
2944;983;26;9,7
2945;983;18;6,9
2946;983;49;6,5
2947;984;35;7,1
2948;984;1;8,9
2949;985;24;7,6
2950;985;29;9,2
2951;985;7;4,6
2952;985;10;6,1
2953;986;30;5,2
2954;986;6;4,3
2955;987;7;6,8
2956;987;16;5,4
2957;987;4;4,5
2958;988;53;5,7
2959;988;56;9,8
2960;989;32;8,8
2961;989;20;5
2962;989;13;8,2
2963;990;2;6,6
2964;990;37;6,1
2965;991;44;8,2
2966;991;23;7,6
2967;991;29;7
2968;991;28;5,2
2969;992;1;8,8
2970;992;22;8,7
2971;992;13;7,6
2972;992;43;4,9
2973;993;60;6,6
2974;993;17;6,4
2975;993;54;8,9
2976;994;23;4,4
2977;994;38;5,4
2978;995;45;6,9
2979;995;55;4,2
2980;996;26;4,6
2981;996;27;9,8
2982;996;28;7,8
2983;997;49;8,8
2984;997;5;4,3
2985;998;32;9,5
2986;998;43;4,2
2987;998;30;8,5
2988;998;8;5,6
2989;999;35;9,6
2990;999;50;4,4
2991;1000;37;8,2
2992;1000;49;8,2
2993;1000;45;7,4
2994;1000;55;5,9
2995;1001;46;5
2996;1001;5;5,5
2997;1001;21;7,7
2998;1001;51;4,2
2999;1002;20;8,9
3000;1002;42;9,6
3001;1002;54;6,4
3002;1002;39;7,6
3003;1003;41;4,4
3004;1003;15;6,8
3005;1003;42;6,6
3006;1004;53;6,3
3007;1004;27;7,3
3008;1005;7;6,3
3009;1005;27;4,6
3010;1005;59;5,3
3011;1006;4;7,4
3012;1006;32;5,5
3013;1006;31;9
3014;1007;28;8,4
3015;1007;12;9,8
3016;1007;14;8
3017;1008;19;4,7
3018;1008;38;7,7
3019;1008;37;8,8
3020;1008;59;4,4
3021;1009;11;9,1
3022;1009;57;9,7
3023;1009;28;4,8
3024;1010;30;7,1
3025;1010;4;8,9
3026;1011;55;6,5
3027;1011;11;9
3028;1011;7;8
3029;1011;6;8
3030;1012;52;4,6
3031;1012;43;9,6
3032;1012;41;9,6
3033;1012;17;9,7
3034;1013;16;8,1
3035;1013;24;8,5
3036;1014;33;7,5
3037;1014;39;9,4
3038;1014;57;9,4
3039;1014;50;4,5
3040;1015;2;7,2
3041;1015;47;7,8
3042;1015;54;9,8
3043;1016;33;4,4
3044;1016;2;7,3
3045;1016;53;6,4
3046;1016;55;5,6
3047;1017;9;6,7
3048;1017;11;9,3
3049;1017;49;6,1
3050;1017;8;7,1
3051;1018;37;9,8
3052;1018;29;6,2
3053;1019;35;4,4
3054;1019;12;4,2
3055;1020;3;6,8
3056;1020;27;4,6
3057;1020;31;9,1
3058;1020;21;9,1
3059;1021;37;7,6
3060;1021;6;4,5
3061;1021;20;7,9
3062;1022;60;7,1
3063;1022;11;7
3064;1023;18;8
3065;1023;51;7,4
3066;1023;11;7
3067;1023;39;6,8
3068;1024;38;9,1
3069;1024;43;8
3070;1024;60;4,3
3071;1025;38;5,4
3072;1025;23;4,7
3073;1026;51;6,5
3074;1026;38;6,1
3075;1027;32;7,3
3076;1027;58;5,5
3077;1028;19;8,9
3078;1028;44;7,3
3079;1028;58;5,3
3080;1029;25;9,6
3081;1029;23;7,5
3082;1029;7;9,2
3083;1029;50;8
3084;1030;26;4,3
3085;1030;12;7,6
3086;1030;19;6,5
3087;1030;41;7,8
3088;1031;25;5,6
3089;1031;35;7,7
3090;1031;16;4,2
3091;1031;47;6,7
3092;1032;10;4,1
3093;1032;5;7,4
3094;1032;29;4,6
3095;1033;11;6,1
3096;1033;60;8,6
3097;1034;27;4
3098;1034;18;9,8
3099;1034;35;9,8
3100;1034;9;8,7
3101;1035;35;7
3102;1035;26;7,7
3103;1035;45;9,3
3104;1036;17;6,9
3105;1036;26;9,9
3106;1037;29;6,5
3107;1037;39;7,7
3108;1037;37;4,4
3109;1037;5;5,8
3110;1038;54;7,5
3111;1038;8;8,5
3112;1039;16;9,9
3113;1039;23;7,8
3114;1039;43;5
3115;1039;49;8,9
3116;1040;46;4,6
3117;1040;27;5,3
3118;1041;27;5,1
3119;1041;58;5,5
3120;1041;1;9,5
3121;1041;22;5,9
3122;1042;7;9
3123;1042;26;4,1
3124;1042;22;5
3125;1042;50;9,4
3126;1043;49;4,9
3127;1043;20;4,7
3128;1043;32;4,6
3129;1044;42;5,2
3130;1044;3;5,7
3131;1044;56;4,2
3132;1045;27;6,8
3133;1045;26;8,4
3134;1045;55;9,4
3135;1045;5;9,6
3136;1046;50;4,8
3137;1046;34;5,6
3138;1047;37;4,3
3139;1047;49;7,2
3140;1047;35;9,4
3141;1047;41;4
3142;1048;30;4,9
3143;1048;54;5,6
3144;1048;36;6,7
3145;1049;34;8,7
3146;1049;55;9
3147;1049;7;7,7
3148;1050;41;7,3
3149;1050;25;7,7
3150;1050;17;7,2
3151;1051;45;6,4
3152;1051;38;7,7
3153;1052;20;6,3
3154;1052;60;5,9
3155;1052;33;9,4
3156;1053;21;7,5
3157;1053;22;9,9
3158;1054;4;8,3
3159;1054;8;8,1
3160;1054;40;4,4
3161;1054;9;8,1
3162;1055;24;9,6
3163;1055;16;9,3
3164;1055;45;4,3
3165;1056;5;4,5
3166;1056;31;8,1
3167;1057;15;7,6
3168;1057;54;8,5
3169;1058;52;5,9
3170;1058;26;6,5
3171;1058;14;8,3
3172;1058;27;4,8
3173;1059;38;7,6
3174;1059;17;6,3
3175;1059;21;4
3176;1059;24;4,1
3177;1060;42;4,8
3178;1060;37;7,2
3179;1060;20;7,5
3180;1060;52;5,1
3181;1061;59;9,2
3182;1061;25;8,7
3183;1061;44;8,4
3184;1062;40;4,3
3185;1062;28;8,7
3186;1062;32;5,6
3187;1062;27;4,1
3188;1063;21;6,2
3189;1063;28;8,5
3190;1063;56;6
3191;1064;37;8,7
3192;1064;29;5,9
3193;1065;15;7
3194;1065;13;7,7
3195;1065;51;6,6
3196;1066;55;6,2
3197;1066;51;8,8
3198;1067;51;7,8
3199;1067;9;8,6
3200;1067;55;6
3201;1068;4;7,8
3202;1068;7;7,6
3203;1068;26;6,1
3204;1069;1;9,6
3205;1069;45;6,6
3206;1070;8;4,9
3207;1070;12;5,1
3208;1071;28;8,2
3209;1071;57;6,8
3210;1071;31;6,4
3211;1072;40;4,2
3212;1072;5;4,5
3213;1072;25;5,7
3214;1073;6;9,5
3215;1073;24;9,1
3216;1074;35;7,8
3217;1074;52;10
3218;1074;34;4
3219;1075;1;7,1
3220;1075;7;6,4
3221;1075;31;8,3
3222;1075;38;9,9
3223;1076;13;4,5
3224;1076;56;7,5
3225;1077;29;9,4
3226;1077;60;9,6
3227;1077;51;5,6
3228;1078;46;8,8
3229;1078;27;9,1
3230;1079;52;8,4
3231;1079;28;9,5
3232;1079;5;4,3
3233;1079;10;7,2
3234;1080;48;9,3
3235;1080;49;6,1
3236;1081;23;8,4
3237;1081;45;9,2
3238;1081;38;7,2
3239;1082;36;7,8
3240;1082;23;6,2
3241;1082;53;5,6
3242;1083;12;8
3243;1083;20;8,2
3244;1083;9;5,4
3245;1083;8;5,9
3246;1084;24;9,9
3247;1084;52;5,6
3248;1084;49;4,2
3249;1085;17;6,2
3250;1085;20;7,9
3251;1085;42;6
3252;1086;56;9,1
3253;1086;13;4,5
3254;1087;13;9,6
3255;1087;10;9,9
3256;1088;50;8,6
3257;1088;35;8,4
3258;1088;40;6,9
3259;1089;47;6,6
3260;1089;53;8,6
3261;1089;6;8,6
3262;1089;29;5,5
3263;1090;42;5
3264;1090;44;5
3265;1090;48;5,1
3266;1091;35;8,9
3267;1091;25;9,4
3268;1091;44;6,1
3269;1091;11;4,1
3270;1092;4;7,6
3271;1092;52;6,3
3272;1092;55;5,5
3273;1092;5;4,3
3274;1093;46;4,2
3275;1093;41;7,7
3276;1093;13;8,8
3277;1094;21;7,3
3278;1094;47;9
3279;1095;40;6
3280;1095;58;5,4
3281;1095;15;5,8
3282;1096;55;9,2
3283;1096;59;8,7
3284;1097;7;9,2
3285;1097;33;6,6
3286;1097;5;7
3287;1097;46;7,1
3288;1098;54;6,1
3289;1098;28;5
3290;1099;17;9,7
3291;1099;59;5,6
3292;1099;43;6,6
3293;1100;14;6,2
3294;1100;53;4,4
3295;1100;35;7,6
3296;1100;57;5,3
3297;1101;51;7,9
3298;1101;36;7,9
3299;1101;7;9,5
3300;1101;1;8,4
3301;1102;16;4,7
3302;1102;42;7,2
3303;1102;39;9,8
3304;1103;43;8,4
3305;1103;17;8,8
3306;1103;56;7,4
3307;1103;35;6,6
3308;1104;34;9,3
3309;1104;33;8,6
3310;1104;50;7,6
3311;1104;10;5,8
3312;1105;31;4,8
3313;1105;38;6,9
3314;1105;45;5,6
3315;1106;44;6,3
3316;1106;9;4,2
3317;1106;17;4,5
3318;1107;39;8,3
3319;1107;35;5,1
3320;1107;48;4,8
3321;1107;25;5,2
3322;1108;42;5
3323;1108;15;5,4
3324;1108;38;7,4
3325;1108;29;4,6
3326;1109;42;7,3
3327;1109;43;4,2
3328;1110;57;5,3
3329;1110;37;5
3330;1111;60;7,3
3331;1111;4;5,3
3332;1111;46;4,9
3333;1111;37;4,3
3334;1112;1;5,4
3335;1112;12;9,3
3336;1113;5;7,1
3337;1113;45;6,8
3338;1114;8;4,2
3339;1114;3;9
3340;1114;59;7,6
3341;1115;59;8,3
3342;1115;52;4,7
3343;1115;44;7,3
3344;1115;31;8,9
3345;1116;24;8,8
3346;1116;25;5,7
3347;1117;16;9,6
3348;1117;58;7,9
3349;1117;36;7,8
3350;1117;19;4,5
3351;1118;49;5,7
3352;1118;4;8,7
3353;1118;51;8,6
3354;1118;31;7,3
3355;1119;13;5,9
3356;1119;21;9,2
3357;1120;21;4,6
3358;1120;54;4
3359;1120;44;8,4
3360;1120;51;10
3361;1121;54;9,5
3362;1121;49;4
3363;1121;26;8,9
3364;1122;22;6,3
3365;1122;48;9
3366;1122;38;6
3367;1123;3;6,3
3368;1123;28;5,6
3369;1123;58;4,4
3370;1123;43;9,4
3371;1124;59;9,2
3372;1124;24;8,3
3373;1124;20;8,2
3374;1125;19;8,8
3375;1125;1;7,2
3376;1126;26;8,9
3377;1126;40;9,5
3378;1127;50;4,3
3379;1127;40;7,7
3380;1127;31;6,2
3381;1128;49;7,3
3382;1128;13;5,8
3383;1128;28;4,8
3384;1128;27;7,2
3385;1129;37;6,3
3386;1129;40;6,8
3387;1129;26;4,1
3388;1129;11;5,4
3389;1130;36;7,8
3390;1130;34;4,7
3391;1130;58;7,2
3392;1131;43;7,7
3393;1131;42;6,2
3394;1131;32;6,2
3395;1131;51;7,5
3396;1132;24;9,1
3397;1132;30;7,4
3398;1133;2;5,4
3399;1133;45;4,1
3400;1133;39;4,5
3401;1134;57;9,9
3402;1134;45;6,7
3403;1134;49;9,8
3404;1135;37;5,1
3405;1135;36;4,1
3406;1135;54;9,9
3407;1135;56;7,3
3408;1136;49;7,4
3409;1136;58;9,6
3410;1137;51;6,2
3411;1137;30;7,1
3412;1138;30;6,7
3413;1138;32;8,2
3414;1139;48;6,3
3415;1139;9;5,1
3416;1139;32;4,4
3417;1139;19;7,3
3418;1140;36;7,7
3419;1140;10;7,6
3420;1140;18;9,6
3421;1140;6;6,6
3422;1141;11;7,6
3423;1141;10;6,9
3424;1142;38;8,9
3425;1142;5;9,3
3426;1142;29;9,5
3427;1142;4;5,6
3428;1143;24;4,6
3429;1143;18;7,3
3430;1143;59;8,1
3431;1143;9;6,2
3432;1144;21;8,7
3433;1144;28;4,8
3434;1145;10;6,2
3435;1145;9;9
3436;1145;55;8,3
3437;1145;56;4,1
3438;1146;4;5,3
3439;1146;5;8,2
3440;1146;41;6,1
3441;1146;26;5,7
3442;1147;30;5,3
3443;1147;11;4,8
3444;1148;12;9,5
3445;1148;33;7,7
3446;1148;11;9,3
3447;1149;1;6,9
3448;1149;4;7,9
3449;1149;6;9,5
3450;1150;12;8,3
3451;1150;11;5,4
3452;1150;45;4,8
3453;1150;17;6,5
3454;1151;60;8,6
3455;1151;35;4
3456;1151;51;4,4
3457;1152;36;8,5
3458;1152;42;4,4
3459;1152;45;4,7
3460;1153;1;9,1
3461;1153;40;9,3
3462;1153;12;4,7
3463;1154;6;4,5
3464;1154;21;9,3
3465;1154;12;8,5
3466;1154;28;5,4
3467;1155;4;4,8
3468;1155;53;4,3
3469;1155;37;6,8
3470;1156;38;4,1
3471;1156;21;9,7
3472;1156;44;5,5
3473;1157;54;7
3474;1157;42;8,7
3475;1157;6;7,4
3476;1157;57;6
3477;1158;15;4,8
3478;1158;52;7,4
3479;1158;42;6,8
3480;1159;36;9,1
3481;1159;37;6,1
3482;1159;14;7,6
3483;1159;56;5,7
3484;1160;50;9
3485;1160;8;4,5
3486;1160;27;7,7
3487;1161;33;5,2
3488;1161;60;5,9
3489;1161;10;7,2
3490;1161;31;5,3
3491;1162;50;6
3492;1162;5;4,9
3493;1162;3;8,6
3494;1162;17;8
3495;1163;15;4,4
3496;1163;44;9,4
3497;1163;12;5,3
3498;1164;24;8,6
3499;1164;29;8,9
3500;1164;17;6
3501;1164;34;9,5
3502;1165;34;9,2
3503;1165;4;9,9
3504;1165;26;6,6
3505;1166;28;7,3
3506;1166;29;9,9
3507;1166;13;10
3508;1166;38;9,3
3509;1167;33;9,8
3510;1167;13;5,9
3511;1167;36;5,4
3512;1167;20;9,5
3513;1168;55;4,8
3514;1168;20;4,3
3515;1168;26;6
3516;1168;59;6,7
3517;1169;60;4,3
3518;1169;18;6,2
3519;1169;46;7,7
3520;1170;6;5
3521;1170;24;7,4
3522;1170;26;8,4
3523;1171;39;7,2
3524;1171;3;6
3525;1172;7;7,8
3526;1172;3;5,9
3527;1172;32;4,2
3528;1173;7;10
3529;1173;57;6,8
3530;1173;15;7
3531;1173;6;6,3
3532;1174;44;8,8
3533;1174;2;8,2
3534;1174;10;6,7
3535;1174;22;6,3
3536;1175;45;4,1
3537;1175;12;8,3
3538;1175;11;6,2
3539;1175;41;5,4
3540;1176;45;5,1
3541;1176;6;4
3542;1176;44;4,5
3543;1177;12;9,4
3544;1177;29;8,7
3545;1178;23;4,9
3546;1178;56;6,5
3547;1178;4;8,9
3548;1178;1;9,5
3549;1179;21;6
3550;1179;8;9,2
3551;1180;59;6,1
3552;1180;57;8,8
3553;1181;44;7,8
3554;1181;38;7,7
3555;1181;17;4,2
3556;1181;29;5,7
3557;1182;7;8,2
3558;1182;49;9,1
3559;1182;29;6,8
3560;1183;4;8,5
3561;1183;60;8
3562;1183;23;7,9
3563;1183;46;9,5
3564;1184;49;4,1
3565;1184;54;6,4
3566;1184;5;9,7
3567;1184;4;7,7
3568;1185;50;5,2
3569;1185;47;9,4
3570;1185;1;4,7
3571;1186;23;9,3
3572;1186;9;6,6
3573;1186;3;7
3574;1187;49;5,8
3575;1187;19;7,7
3576;1187;5;4,6
3577;1187;35;5,3
3578;1188;22;5
3579;1188;57;7,3
3580;1188;40;6,1
3581;1188;58;8,5
3582;1189;44;4,9
3583;1189;37;6,2
3584;1189;22;4,4
3585;1190;27;7,4
3586;1190;32;7,5
3587;1191;2;9,7
3588;1191;26;9,5
3589;1191;37;7,3
3590;1191;28;4,4
3591;1192;46;5,6
3592;1192;29;8,7
3593;1192;31;9,4
3594;1193;33;8,1
3595;1193;18;8,3
3596;1193;45;9,7
3597;1194;13;5,8
3598;1194;37;8,2
3599;1194;55;9,9
3600;1194;19;9,2
3601;1195;1;6,9
3602;1195;26;6,3
3603;1196;22;4
3604;1196;21;5
3605;1197;54;7
3606;1197;1;9,9
3607;1197;5;5,9
3608;1198;58;5,1
3609;1198;26;4,6
3610;1199;17;7,8
3611;1199;12;8
3612;1199;38;7,4
3613;1199;4;8,7
3614;1200;51;5,8
3615;1200;15;9,1
3616;1201;1;8,7
3617;1201;48;7,4
3618;1202;58;4,3
3619;1202;27;5,5
3620;1202;54;7,8
3621;1202;44;9,8
3622;1203;59;5,5
3623;1203;27;4,9
3624;1203;33;9,4
3625;1203;17;4,5
3626;1204;29;4,8
3627;1204;15;9,6
3628;1204;51;5,7
3629;1205;22;6
3630;1205;60;9,3
3631;1205;59;7,4
3632;1205;30;8,7
3633;1206;29;9,2
3634;1206;21;4,5
3635;1206;55;7,6
3636;1206;37;7,6
3637;1207;20;4,3
3638;1207;11;9,7
3639;1207;26;5,4
3640;1208;52;9,3
3641;1208;57;4,8
3642;1208;12;6,2
3643;1208;1;7,1
3644;1209;17;9,9
3645;1209;30;9,3
3646;1210;39;6,7
3647;1210;9;4,5
3648;1210;1;6,1
3649;1210;59;5
3650;1211;49;5,1
3651;1211;36;8,2
3652;1211;1;5
3653;1211;12;7,9
3654;1212;47;6,1
3655;1212;43;9,5
3656;1212;11;8,7
3657;1212;5;7,1
3658;1213;47;6,2
3659;1213;1;4,6
3660;1213;44;4,6
3661;1214;33;5,3
3662;1214;28;6,2
3663;1215;36;9,3
3664;1215;6;7,4
3665;1215;47;6,8
3666;1215;38;9,8
3667;1216;46;4,6
3668;1216;45;7,3
3669;1217;46;8,5
3670;1217;4;8,6
3671;1218;31;8,6
3672;1218;35;8,2
3673;1219;5;9,9
3674;1219;36;7,7
3675;1220;33;7,5
3676;1220;59;9,4
3677;1221;18;9,2
3678;1221;22;7,9
3679;1221;57;10
3680;1221;20;4,8
3681;1222;49;4,3
3682;1222;31;7,3
3683;1222;11;7,7
3684;1222;1;7,2
3685;1223;60;8
3686;1223;54;4,9
3687;1223;15;5,5
3688;1223;9;5,7
3689;1224;18;8,4
3690;1224;42;9,5
3691;1224;14;9,2
3692;1225;8;7,5
3693;1225;5;8,3
3694;1225;27;8,2
3695;1225;24;8
3696;1226;41;4,2
3697;1226;48;5,2
3698;1226;1;4,3
3699;1226;9;9,6
3700;1227;10;4,8
3701;1227;15;6,6
3702;1227;55;6,2
3703;1227;9;9,6
3704;1228;57;8,3
3705;1228;7;4,2
3706;1228;16;8,7
3707;1228;24;4,8
3708;1229;27;9,3
3709;1229;22;6,4
3710;1230;13;9,9
3711;1230;1;4,3
3712;1230;44;8,3
3713;1231;15;6,7
3714;1231;60;6,1
3715;1231;54;9,4
3716;1231;29;4,6
3717;1232;15;8,1
3718;1232;9;7,9
3719;1232;50;9,9
3720;1232;5;4,5
3721;1233;57;4,4
3722;1233;53;5,8
3723;1233;44;9,2
3724;1233;48;4,2
3725;1234;38;9,7
3726;1234;48;5,3
3727;1235;17;9,1
3728;1235;16;8,5
3729;1236;5;6,4
3730;1236;40;4,9
3731;1236;25;4,5
3732;1237;8;6,9
3733;1237;27;7
3734;1238;26;6,2
3735;1238;36;9
3736;1238;57;9
3737;1239;30;9,3
3738;1239;49;6,3
3739;1239;57;8,2
3740;1240;6;7,1
3741;1240;37;6,4
3742;1241;4;5,7
3743;1241;20;8,6
3744;1241;38;5,5
3745;1242;3;9,9
3746;1242;29;8,1
3747;1242;28;7,6
3748;1242;26;5,1
3749;1243;37;6,1
3750;1243;27;5,8
3751;1244;25;4,8
3752;1244;11;5
3753;1244;30;4,8
3754;1244;13;9,3
3755;1245;6;9,8
3756;1245;19;5,5
3757;1246;43;9
3758;1246;9;6,1
3759;1246;59;7,9
3760;1247;21;4,6
3761;1247;18;7,1
3762;1247;44;7,1
3763;1247;10;9,3
3764;1248;35;7
3765;1248;48;9,9
3766;1249;40;6,4
3767;1249;7;7,8
3768;1249;48;8,3
3769;1249;60;9,4
3770;1250;6;8,1
3771;1250;43;5,6
3772;1250;39;5,2
3773;1250;37;6
3774;1251;57;8,3
3775;1251;9;9,8
3776;1252;30;6,2
3777;1252;12;4,3
3778;1252;57;7,2
3779;1253;16;9,7
3780;1253;17;9,7
3781;1254;52;5,4
3782;1254;45;4,5
3783;1255;55;7
3784;1255;43;4,2
3785;1255;34;9,9
3786;1256;24;8,7
3787;1256;56;6,3
3788;1256;30;8,1
3789;1257;18;6,7
3790;1257;32;7,5
3791;1257;22;9,4
3792;1257;51;8,8
3793;1258;47;9,5
3794;1258;50;6
3795;1258;58;5,2
3796;1259;28;7,4
3797;1259;24;9,9
3798;1260;26;8,4
3799;1260;25;8,7
3800;1260;60;6,3
3801;1261;28;9,4
3802;1261;14;4,8
3803;1262;22;6,2
3804;1262;19;7,2
3805;1263;37;9,6
3806;1263;22;9,6
3807;1264;33;6,1
3808;1264;6;8,6
3809;1264;53;7,6
3810;1265;51;6,3
3811;1265;24;5,8
3812;1265;37;6,7
3813;1266;55;5,4
3814;1266;60;6,7
3815;1267;9;8,7
3816;1267;16;7,5
3817;1267;24;4,7
3818;1268;25;9,6
3819;1268;8;5,7
3820;1269;17;5,2
3821;1269;42;8,8
3822;1269;35;4,9
3823;1269;38;6,5
3824;1270;20;5,9
3825;1270;50;5,9
3826;1271;52;6,5
3827;1271;4;7,9
3828;1271;29;6,7
3829;1271;37;4,6
3830;1272;58;8,1
3831;1272;2;4,7
3832;1272;35;9,6
3833;1272;42;8,9
3834;1273;10;4,7
3835;1273;60;6,2
3836;1274;29;7,3
3837;1274;6;5,9
3838;1274;59;5,3
3839;1274;60;8,9
3840;1275;18;6,6
3841;1275;48;9,4
3842;1275;58;8,8
3843;1275;12;5,6
3844;1276;42;4,3
3845;1276;57;7
3846;1276;44;7,9
3847;1276;32;5
3848;1277;60;8,1
3849;1277;53;6,5
3850;1277;44;6
3851;1277;2;8,5
3852;1278;15;6,7
3853;1278;58;6,7
3854;1279;28;6,4
3855;1279;26;5,2
3856;1279;44;4
3857;1279;21;5,7
3858;1280;42;4,3
3859;1280;53;8,6
3860;1281;23;9,6
3861;1281;53;4,4
3862;1281;10;9,6
3863;1281;29;6,2
3864;1282;34;9,5
3865;1282;43;6,9
3866;1282;3;8,1
3867;1282;2;8,4
3868;1283;20;5,9
3869;1283;12;8
3870;1284;8;4,2
3871;1284;28;5,8
3872;1285;45;9,5
3873;1285;51;8,6
3874;1285;8;7,2
3875;1285;50;7,8
3876;1286;32;9,5
3877;1286;11;5,2
3878;1287;25;6,1
3879;1287;40;8,3
3880;1288;50;8,3
3881;1288;26;7,6
3882;1288;12;5,1
3883;1288;59;8,4
3884;1289;51;4,8
3885;1289;16;6,2
3886;1289;23;7,7
3887;1290;44;4,9
3888;1290;14;4,9
3889;1290;59;8,2
3890;1290;16;8,9
3891;1291;45;5,1
3892;1291;40;7,1
3893;1292;12;9,1
3894;1292;1;8,1
3895;1292;19;9
3896;1292;24;8,7
3897;1293;51;5,4
3898;1293;23;5,4
3899;1294;6;9,8
3900;1294;33;6,8
3901;1294;23;4,5
3902;1295;36;4,3
3903;1295;30;5,1
3904;1296;32;7
3905;1296;51;5
3906;1296;8;9,1
3907;1296;49;6,3
3908;1297;1;4,7
3909;1297;32;6,4
3910;1298;42;9,9
3911;1298;55;5,3
3912;1298;53;9,8
3913;1299;36;4,5
3914;1299;41;9,2
3915;1299;12;8
3916;1299;46;9,1
3917;1300;60;5,6
3918;1300;46;9,2
3919;1300;49;8,7
3920;1301;13;8,5
3921;1301;21;4,8
3922;1301;29;5,3
3923;1302;45;4,8
3924;1302;10;5
3925;1303;33;8,5
3926;1303;2;5,8
3927;1303;41;10
3928;1303;7;6,1
3929;1304;55;8,3
3930;1304;48;8
3931;1304;37;8,1
3932;1304;10;9,2
3933;1305;47;6,4
3934;1305;23;6,3
3935;1306;22;4,3
3936;1306;14;6,3
3937;1306;24;9
3938;1306;42;7,8
3939;1307;31;4,4
3940;1307;56;7,9
3941;1307;52;7,2
3942;1307;16;5,6
3943;1308;51;9
3944;1308;32;4
3945;1308;18;8
3946;1308;7;5,4
3947;1309;20;7,4
3948;1309;50;4,9
3949;1309;8;9,3
3950;1309;42;4,4
3951;1310;12;4,3
3952;1310;26;8,7
3953;1310;43;8
3954;1311;37;8,3
3955;1311;54;7,9
3956;1312;5;5,7
3957;1312;21;6,9
3958;1312;47;6,2
3959;1313;37;5
3960;1313;5;7,8
3961;1313;52;4,4
3962;1314;28;5,6
3963;1314;47;4,5
3964;1315;22;7,4
3965;1315;28;8
3966;1315;18;7,5
3967;1315;2;6,3
3968;1316;38;6,7
3969;1316;21;7
3970;1317;4;8,8
3971;1317;31;8,9
3972;1318;17;6,6
3973;1318;11;4,9
3974;1319;5;9,2
3975;1319;40;7
3976;1320;47;4,5
3977;1320;43;5,8
3978;1321;37;8,5
3979;1321;16;6,6
3980;1322;26;7,9
3981;1322;30;6,4
3982;1322;35;7,4
3983;1322;37;7,1
3984;1323;5;6,6
3985;1323;11;9,4
3986;1324;6;7,6
3987;1324;52;8,6
3988;1325;29;6,3
3989;1325;42;8,6
3990;1326;22;9,8
3991;1326;45;7,2
3992;1326;37;6,9
3993;1327;27;7,8
3994;1327;23;5,2
3995;1327;16;7,8
3996;1327;54;7,4
3997;1328;45;7,6
3998;1328;20;7,8
3999;1328;13;6,3
4000;1328;8;5,9
4001;1329;33;8,4
4002;1329;44;7,5
4003;1330;12;4,9
4004;1330;15;5
4005;1330;8;7,5
4006;1331;54;6,1
4007;1331;2;8,8
4008;1331;50;5,6
4009;1332;37;8,8
4010;1332;41;5,7
4011;1332;30;4
4012;1333;1;6,5
4013;1333;9;7,4
4014;1334;20;8,6
4015;1334;35;7
4016;1334;43;5,8
4017;1335;38;5,9
4018;1335;29;9,6
4019;1335;60;6,5
4020;1336;25;6,1
4021;1336;57;8,1
4022;1337;17;6
4023;1337;55;4,1
4024;1338;23;8,2
4025;1338;21;6,8
4026;1339;38;6,3
4027;1339;48;5,6
4028;1340;40;6,6
4029;1340;12;4,7
4030;1340;30;7,8
4031;1341;23;6,3
4032;1341;9;5,9
4033;1341;37;4,3
4034;1341;45;6,2
4035;1342;47;6,2
4036;1342;1;4,7
4037;1342;12;7,2
4038;1343;27;6,6
4039;1343;44;5,4
4040;1343;14;4,5
4041;1344;40;7,1
4042;1344;19;9,1
4043;1344;59;9
4044;1345;40;9,5
4045;1345;26;6,5
4046;1345;23;6,6
4047;1346;22;9,2
4048;1346;49;9,7
4049;1346;17;5,8
4050;1347;20;5,5
4051;1347;46;4,4
4052;1348;40;7,4
4053;1348;8;7,6
4054;1348;26;5,5
4055;1349;16;5,6
4056;1349;54;7,5
4057;1349;46;5,7
4058;1349;55;7,4
4059;1350;57;4,1
4060;1350;27;8,6
4061;1350;17;9
4062;1351;36;4,3
4063;1351;11;6
4064;1351;10;6,5
4065;1351;15;7,6
4066;1352;47;9,9
4067;1352;60;8
4068;1352;14;7,2
4069;1353;38;4,6
4070;1353;55;4,9
4071;1353;60;9,8
4072;1353;18;10
4073;1354;29;5
4074;1354;9;9,2
4075;1354;4;8,6
4076;1354;45;6,9
4077;1355;58;6,1
4078;1355;55;5,7
4079;1355;34;8,3
4080;1356;24;8,8
4081;1356;22;4,8
4082;1356;31;8,7
4083;1357;16;4,3
4084;1357;1;5,7
4085;1358;55;9,6
4086;1358;20;4,9
4087;1358;25;7,7
4088;1359;4;9,4
4089;1359;53;9,2
4090;1359;2;4,6
4091;1359;10;8,7
4092;1360;47;6,8
4093;1360;56;9,2
4094;1361;34;6,3
4095;1361;46;6
4096;1361;39;6
4097;1362;54;9,6
4098;1362;31;9,8
4099;1362;1;4,5
4100;1362;36;7,4
4101;1363;5;8,2
4102;1363;17;7,3
4103;1364;17;6
4104;1364;45;6,3
4105;1365;5;9,6
4106;1365;15;7,3
4107;1366;57;5,8
4108;1366;14;5,1
4109;1367;11;8,4
4110;1367;60;4,2
4111;1367;43;5,5
4112;1368;30;5,6
4113;1368;19;5,2
4114;1368;12;4,6
4115;1369;15;8,3
4116;1369;43;6,5
4117;1369;29;8,4
4118;1370;52;8,9
4119;1370;43;9
4120;1370;26;4,2
4121;1370;51;8,7
4122;1371;21;7,4
4123;1371;46;5,7
4124;1371;58;8,5
4125;1371;10;9,8
4126;1372;57;7,9
4127;1372;52;7,9
4128;1373;29;4,4
4129;1373;57;5,6
4130;1373;19;10
4131;1374;14;4,4
4132;1374;54;5,4
4133;1374;21;8,8
4134;1375;4;7,4
4135;1375;11;9,7
4136;1375;53;6,5
4137;1376;12;6
4138;1376;29;9,2
4139;1376;49;9,5
4140;1377;13;7,1
4141;1377;9;4,9
4142;1378;1;4,1
4143;1378;9;6
4144;1379;7;5,4
4145;1379;14;5,3
4146;1379;57;5,5
4147;1379;1;6,8
4148;1380;47;4,7
4149;1380;45;9,4
4150;1381;24;4,1
4151;1381;60;9,1
4152;1381;53;4,9
4153;1382;40;8,9
4154;1382;23;5,5
4155;1382;49;8,5
4156;1383;18;6,2
4157;1383;42;4,3
4158;1384;59;8,4
4159;1384;15;7,3
4160;1385;53;5,4
4161;1385;32;5,3
4162;1385;11;8,3
4163;1386;3;7,2
4164;1386;9;6,8
4165;1387;52;4,1
4166;1387;48;6,7
4167;1387;59;5
4168;1387;50;5
4169;1388;19;9,3
4170;1388;4;4,4
4171;1389;27;8
4172;1389;59;7,3
4173;1389;54;8,4
4174;1389;17;9,8
4175;1390;42;7
4176;1390;41;8,9
4177;1390;45;6,5
4178;1391;51;9,2
4179;1391;54;9,6
4180;1391;39;4,3
4181;1391;60;6,2
4182;1392;15;6,6
4183;1392;35;8,7
4184;1392;56;6,8
4185;1392;59;4,9
4186;1393;56;4,9
4187;1393;60;7,6
4188;1393;5;8,8
4189;1393;12;7,5
4190;1394;22;7,2
4191;1394;25;8,3
4192;1394;26;9,5
4193;1394;49;8,3
4194;1395;16;5,5
4195;1395;32;5,1
4196;1396;50;4,6
4197;1396;5;4,5
4198;1396;51;9,9
4199;1396;12;4,7
4200;1397;33;8,2
4201;1397;3;9,9
4202;1397;16;7,3
4203;1398;40;9,3
4204;1398;4;9,4
4205;1398;43;6,7
4206;1398;59;4,3
4207;1399;19;8,8
4208;1399;45;9,6
4209;1399;3;7,6
4210;1400;7;7,7
4211;1400;38;8,2
4212;1400;40;5,1
4213;1401;48;8,6
4214;1401;57;7
4215;1401;58;5
4216;1402;58;9,7
4217;1402;32;8,5
4218;1403;15;6,7
4219;1403;36;5
4220;1404;55;4,9
4221;1404;19;6,3
4222;1404;10;6,3
4223;1405;44;7,5
4224;1405;52;7,9
4225;1405;17;9,1
4226;1406;59;8,4
4227;1406;13;4
4228;1407;53;6,7
4229;1407;13;9,4
4230;1407;19;4,1
4231;1407;20;7
4232;1408;32;9,5
4233;1408;33;4,1
4234;1408;39;6,8
4235;1408;38;8,8
4236;1409;56;7,7
4237;1409;24;6,3
4238;1410;44;8,6
4239;1410;23;5,9
4240;1410;5;8,7
4241;1410;40;6,7
4242;1411;40;5,1
4243;1411;45;6,6
4244;1411;58;7,9
4245;1412;57;8,4
4246;1412;39;6,5
4247;1413;12;7
4248;1413;29;5,9
4249;1413;59;5
4250;1414;37;6,5
4251;1414;10;9,3
4252;1414;2;6,1
4253;1415;10;7,6
4254;1415;52;4,2
4255;1416;37;4,9
4256;1416;47;7,6
4257;1416;60;4,7
4258;1417;60;6,5
4259;1417;56;4,3
4260;1417;50;7,5
4261;1418;49;7,5
4262;1418;43;5,4
4263;1418;45;5,5
4264;1419;47;6,5
4265;1419;52;9
4266;1419;10;8,3
4267;1419;42;8
4268;1420;3;6,3
4269;1420;28;6
4270;1421;40;7,9
4271;1421;33;7,3
4272;1421;2;4,6
4273;1422;47;5,3
4274;1422;7;7,2
4275;1423;3;7,4
4276;1423;18;9,1
4277;1424;46;4,9
4278;1424;55;8,9
4279;1425;12;4,9
4280;1425;55;9,7
4281;1426;51;6,2
4282;1426;5;5,8
4283;1427;59;6,2
4284;1427;57;4,9
4285;1427;8;6,6
4286;1427;46;6,5
4287;1428;26;4,1
4288;1428;20;8,6
4289;1428;58;4,7
4290;1429;17;4,4
4291;1429;36;5,9
4292;1429;35;5,8
4293;1430;54;4
4294;1430;44;8,8
4295;1431;37;7
4296;1431;60;9,6
4297;1432;41;5,5
4298;1432;34;5,9
4299;1432;31;6
4300;1433;25;9,7
4301;1433;41;6,4
4302;1433;26;5,9
4303;1433;19;8,5
4304;1434;28;5,8
4305;1434;47;5,1
4306;1434;9;7,7
4307;1434;14;8,3
4308;1435;52;4,5
4309;1435;10;5,1
4310;1435;12;5,8
4311;1436;3;5
4312;1436;19;5,5
4313;1437;51;5,7
4314;1437;8;6,9
4315;1438;59;9,2
4316;1438;57;9,2
4317;1438;37;4,5
4318;1438;50;9,2
4319;1439;10;6,4
4320;1439;53;7,7
4321;1439;49;9,9
4322;1440;37;4,6
4323;1440;45;5
4324;1440;34;8,2
4325;1441;48;4,1
4326;1441;36;5,3
4327;1442;28;8,4
4328;1442;27;8,5
4329;1442;2;8,2
4330;1443;1;9,6
4331;1443;23;8,5
4332;1444;22;5,1
4333;1444;13;4,6
4334;1444;35;5,9
4335;1444;26;4,3
4336;1445;18;9,3
4337;1445;16;9,4
4338;1446;46;7,3
4339;1446;1;5
4340;1446;60;6,5
4341;1446;23;8,9
4342;1447;43;7,4
4343;1447;50;7,7
4344;1448;29;7,2
4345;1448;26;6,6
4346;1449;49;5,5
4347;1449;28;5,4
4348;1449;60;9,1
4349;1450;57;7
4350;1450;56;9,4
4351;1451;51;6,9
4352;1451;57;9,4
4353;1451;14;4,5
4354;1451;53;6
4355;1452;57;9,8
4356;1452;41;9,5
4357;1453;12;4,6
4358;1453;26;6,6
4359;1453;30;5,8
4360;1454;1;5,1
4361;1454;5;8
4362;1455;13;5,4
4363;1455;58;7,7
4364;1456;44;9,1
4365;1456;35;8,4
4366;1457;23;5,1
4367;1457;58;8,4
4368;1458;55;6
4369;1458;5;9,6
4370;1458;34;8,4
4371;1458;31;8,2
4372;1459;58;6,3
4373;1459;31;7,9
4374;1459;32;6,5
4375;1460;47;5
4376;1460;24;7,8
4377;1460;53;9,6
4378;1460;38;7,1
4379;1461;53;4,5
4380;1461;18;4,8
4381;1461;16;7,6
4382;1461;50;9,7
4383;1462;30;7
4384;1462;59;4,7
4385;1463;27;7,9
4386;1463;38;7,2
4387;1463;55;5,8
4388;1463;35;8
4389;1464;48;4,1
4390;1464;44;8,3
4391;1465;10;6,2
4392;1465;45;9,7
4393;1465;26;6,4
4394;1465;25;6,3
4395;1466;40;6,1
4396;1466;56;9
4397;1467;21;5,2
4398;1467;29;7,7
4399;1468;37;6
4400;1468;58;7,6
4401;1468;11;8
4402;1468;22;7,8
4403;1469;49;8,4
4404;1469;29;9,3
4405;1470;56;5,6
4406;1470;39;6,9
4407;1470;2;8,6
4408;1470;29;6,5
4409;1471;20;7,4
4410;1471;5;6,4
4411;1471;49;4,1
4412;1471;29;4
4413;1472;30;5,5
4414;1472;20;6,1
4415;1472;44;7,7
4416;1472;32;7,4
4417;1473;18;5,2
4418;1473;5;7,6
4419;1473;33;7
4420;1474;8;5,5
4421;1474;27;9
4422;1474;30;7,1
4423;1475;22;7,5
4424;1475;14;8,9
4425;1475;26;4,6
4426;1475;47;6,3
4427;1476;35;5,9
4428;1476;2;8,8
4429;1476;17;5
4430;1476;19;7,8
4431;1477;57;9,8
4432;1477;1;4,7
4433;1477;21;9,3
4434;1478;11;4,8
4435;1478;26;6,8
4436;1479;26;7,6
4437;1479;19;4,4
4438;1479;36;9
4439;1480;18;9
4440;1480;35;6,2
4441;1481;50;4
4442;1481;15;9,3
4443;1482;36;8,8
4444;1482;13;6
4445;1482;56;5,8
4446;1482;43;8,9
4447;1483;16;6,8
4448;1483;40;9
4449;1483;39;8,5
4450;1483;48;4,6
4451;1484;27;4,1
4452;1484;56;9,6
4453;1484;16;6,7
4454;1485;59;4
4455;1485;1;4,3
4456;1485;4;6,1
4457;1486;49;4,6
4458;1486;44;9,3
4459;1486;26;8,7
4460;1487;42;9,5
4461;1487;14;9,7
4462;1487;2;6,3
4463;1488;36;8,6
4464;1488;17;5,1
4465;1489;35;9,4
4466;1489;43;5,8
4467;1489;55;6,7
4468;1490;33;6,9
4469;1490;49;8,3
4470;1491;42;7,2
4471;1491;8;5
4472;1492;52;7,8
4473;1492;3;5,2
4474;1492;2;6,2
4475;1492;8;8,1
4476;1493;15;9,5
4477;1493;18;5,8
4478;1494;9;6,4
4479;1494;39;5,6
4480;1494;3;6,1
4481;1495;36;6,4
4482;1495;58;9,5
4483;1495;60;5
4484;1496;25;8,7
4485;1496;10;4,8
4486;1497;59;7,6
4487;1497;23;9,2
4488;1497;40;4,8
4489;1498;50;5,1
4490;1498;12;7,7
4491;1498;55;6
4492;1499;60;7,9
4493;1499;41;5,8
4494;1500;17;5,8
4495;1500;32;9,4
4496;1501;35;8,7
4497;1501;19;6,2
4498;1501;44;5,3
4499;1502;21;9,1
4500;1502;11;8,9
4501;1502;7;7,2
4502;1503;1;4,5
4503;1503;32;4,8
4504;1503;54;6
4505;1504;14;8,2
4506;1504;7;9,2
4507;1504;11;7,6
4508;1505;48;6,4
4509;1505;16;8
4510;1506;60;4,4
4511;1506;56;8,3
4512;1507;16;7,8
4513;1507;60;7,8
4514;1507;50;6,8
4515;1508;28;5,6
4516;1508;50;7,9
4517;1509;16;5,9
4518;1509;40;8,1
4519;1509;23;7,3
4520;1509;36;5
4521;1510;43;9,1
4522;1510;20;4,8
4523;1510;11;9,2
4524;1510;44;4,6
4525;1511;33;6,9
4526;1511;21;7,7
4527;1512;5;9,5
4528;1512;4;7,2
4529;1512;22;7,8
4530;1513;20;5,5
4531;1513;39;6,7
4532;1513;6;5,6
4533;1514;49;7,8
4534;1514;24;6,1
4535;1515;20;9,2
4536;1515;29;8,4
4537;1516;19;9,1
4538;1516;8;4,7
4539;1516;54;7,5
4540;1516;51;8,2
4541;1517;30;9,1
4542;1517;13;7,6
4543;1517;17;4,2
4544;1517;19;5,4
4545;1518;35;4,7
4546;1518;2;5,3
4547;1518;15;4,5
4548;1518;13;8,7
4549;1519;13;7,1
4550;1519;16;7,6
4551;1519;53;5,1
4552;1519;42;9,6
4553;1520;31;5,1
4554;1520;33;9,5
4555;1520;35;4,4
4556;1520;57;8,8
4557;1521;35;4,1
4558;1521;31;9
4559;1521;13;6,6
4560;1522;44;5,1
4561;1522;5;6,7
4562;1522;21;5,8
4563;1523;54;9,6
4564;1523;43;8,4
4565;1523;14;6,9
4566;1524;4;9,2
4567;1524;7;6,1
4568;1524;33;8,1
4569;1524;37;5,1
4570;1525;56;4,5
4571;1525;25;6,9
4572;1525;32;8,5
4573;1526;38;6,4
4574;1526;52;9,6
4575;1527;15;6,4
4576;1527;14;7,5
4577;1527;53;7,5
4578;1528;41;5,6
4579;1528;51;9,4
4580;1528;28;4,3
4581;1529;37;8,1
4582;1529;38;4,7
4583;1529;51;7,2
4584;1529;2;7,3
4585;1530;15;7,2
4586;1530;37;5,4
4587;1530;2;9,6
4588;1531;22;4,5
4589;1531;11;7,6
4590;1531;7;8
4591;1531;46;5,7
4592;1532;11;6,3
4593;1532;42;8,4
4594;1532;19;7,1
4595;1533;20;9
4596;1533;40;7,7
4597;1533;49;6,7
4598;1533;58;6,2
4599;1534;36;9,3
4600;1534;59;8,9
4601;1535;22;7,4
4602;1535;41;8,5
4603;1535;46;4,8
4604;1536;48;4,3
4605;1536;8;4,9
4606;1536;54;6,6
4607;1536;38;7,5
4608;1537;35;8
4609;1537;39;7,8
4610;1537;43;4,4
4611;1537;58;4,8
4612;1538;35;9,4
4613;1538;13;6,7
4614;1538;41;4,5
4615;1538;39;4,1
4616;1539;49;5,8
4617;1539;38;9,8
4618;1539;34;9,6
4619;1540;51;8,8
4620;1540;18;5,2
4621;1541;49;7,1
4622;1541;56;6,3
4623;1541;11;7,1
4624;1542;12;5,3
4625;1542;47;4,2
4626;1543;33;9,1
4627;1543;22;4,7
4628;1543;49;4,5
4629;1543;28;5,5
4630;1544;54;5,7
4631;1544;35;9,5
4632;1544;6;7,5
4633;1545;48;7,7
4634;1545;51;9,5
4635;1546;37;9
4636;1546;41;6,7
4637;1546;55;7,5
4638;1546;11;6,2
4639;1547;36;6,6
4640;1547;56;6,5
4641;1548;15;8,7
4642;1548;53;4,5
4643;1549;21;8,5
4644;1549;48;8,5
4645;1549;33;6,8
4646;1549;35;8,5
4647;1550;21;6,4
4648;1550;13;8,5
4649;1550;9;4,7
4650;1550;44;7,5
4651;1551;6;7,2
4652;1551;1;9,1
4653;1551;16;9,9
4654;1551;55;5,8
4655;1552;56;5,5
4656;1552;21;6,6
4657;1552;23;7,4
4658;1552;8;8,1
4659;1553;53;4,6
4660;1553;35;7
4661;1553;52;4,7
4662;1554;21;4,8
4663;1554;4;5,3
4664;1554;57;6,8
4665;1555;5;9,6
4666;1555;58;8,8
4667;1555;22;7,2
4668;1556;25;6,4
4669;1556;49;9,5
4670;1557;14;6,1
4671;1557;45;8,3
4672;1558;37;6,1
4673;1558;16;8,8
4674;1558;14;4,4
4675;1559;41;7,3
4676;1559;22;9,9
4677;1560;6;9,7
4678;1560;24;6,7
4679;1560;41;5,5
4680;1561;22;6,3
4681;1561;56;7,5
4682;1561;25;7,4
4683;1561;53;6,1
4684;1562;7;5,7
4685;1562;25;6,4
4686;1563;40;9
4687;1563;3;9,5
4688;1563;43;6,8
4689;1563;9;5,1
4690;1564;55;7,3
4691;1564;11;6,5
4692;1565;25;9,5
4693;1565;27;5,8
4694;1565;1;7,1
4695;1565;22;6,3
4696;1566;17;8,2
4697;1566;5;6,5
4698;1566;53;4,2
4699;1567;40;6,8
4700;1567;45;9,7
4701;1568;58;9,2
4702;1568;14;7,8
4703;1568;22;5,8
4704;1568;35;9
4705;1569;24;4,2
4706;1569;8;8
4707;1570;1;4
4708;1570;9;4,9
4709;1570;32;6,5
4710;1570;14;6,5
4711;1571;56;5,6
4712;1571;7;5,6
4713;1571;17;4,7
4714;1571;41;8,5
4715;1572;38;8,8
4716;1572;21;9,6
4717;1573;27;6,5
4718;1573;37;6,4
4719;1573;52;8,2
4720;1573;3;9,2
4721;1574;56;9,5
4722;1574;39;7,4
4723;1574;41;5
4724;1574;45;7,2
4725;1575;40;8,6
4726;1575;33;9,2
4727;1575;30;8,5
4728;1576;8;5,4
4729;1576;55;9
4730;1576;46;6
4731;1577;58;6,9
4732;1577;30;6,7
4733;1577;9;9,3
4734;1577;55;4,1
4735;1578;52;8,7
4736;1578;36;8,5
4737;1578;8;9
4738;1579;50;4,2
4739;1579;47;5,8
4740;1579;54;5,2
4741;1580;49;7
4742;1580;34;5,2
4743;1580;58;6,8
4744;1580;5;7,9
4745;1581;33;5,4
4746;1581;15;6,4
4747;1581;47;8,6
4748;1582;1;4,6
4749;1582;54;8,3
4750;1582;17;7,6
4751;1583;59;7,1
4752;1583;8;7,8
4753;1583;23;6,5
4754;1583;13;4,1
4755;1584;9;8,7
4756;1584;26;9,8
4757;1584;23;9,5
4758;1584;17;4,4
4759;1585;56;9,4
4760;1585;15;7,7
4761;1586;42;4,8
4762;1586;23;5,6
4763;1586;29;5,7
4764;1586;30;4,1
4765;1587;45;8,2
4766;1587;32;4,6
4767;1587;38;5,3
4768;1587;54;5,6
4769;1588;54;7,9
4770;1588;36;4,4
4771;1589;46;4,6
4772;1589;40;7,8
4773;1589;20;4,9
4774;1590;35;7,5
4775;1590;30;8,4
4776;1590;2;6,8
4777;1591;25;7,4
4778;1591;17;5,2
4779;1591;56;5,1
4780;1591;60;4,5
4781;1592;54;4,9
4782;1592;20;5,7
4783;1592;51;5,6
4784;1593;42;6,5
4785;1593;44;4,6
4786;1593;14;9
4787;1593;12;4,3
4788;1594;20;7,2
4789;1594;25;4,6
4790;1595;14;4,1
4791;1595;4;7,3
4792;1595;31;6,7
4793;1596;11;8,7
4794;1596;4;4,2
4795;1596;60;6
4796;1596;10;8,8
4797;1597;58;8,3
4798;1597;52;4,4
4799;1597;27;6,2
4800;1598;35;4,1
4801;1598;38;6,8
4802;1598;2;7,6
4803;1599;4;7
4804;1599;7;4,8
4805;1600;1;5,3
4806;1600;2;6,8
4807;1600;52;5,1
4808;1600;30;8,7
4809;1601;29;5,2
4810;1601;11;8,9
4811;1601;6;7,4
4812;1601;7;8,5
4813;1602;57;6,3
4814;1602;5;4,9
4815;1602;42;4,7
4816;1603;21;8,3
4817;1603;56;5,7
4818;1603;60;6,4
4819;1604;32;7,4
4820;1604;8;7,3
4821;1605;31;4
4822;1605;54;5,5
4823;1606;27;9,9
4824;1606;4;4,9
4825;1607;49;5,8
4826;1607;20;8,7
4827;1608;12;4,9
4828;1608;24;7,9
4829;1609;10;5,1
4830;1609;22;9,5
4831;1610;49;9,7
4832;1610;6;9,5
4833;1610;10;8
4834;1611;38;5,8
4835;1611;18;8,9
4836;1612;57;7,7
4837;1612;12;5,2
4838;1612;25;5,1
4839;1613;41;5,3
4840;1613;23;4,8
4841;1613;21;6,5
4842;1613;7;7,9
4843;1614;53;4,1
4844;1614;20;9,8
4845;1614;47;4,8
4846;1614;36;9,7
4847;1615;23;6,3
4848;1615;38;4,8
4849;1615;35;4,6
4850;1615;8;8
4851;1616;60;9,5
4852;1616;35;4,5
4853;1616;38;8,8
4854;1617;57;5,7
4855;1617;26;7,6
4856;1617;49;7,2
4857;1617;45;6,5
4858;1618;36;9,3
4859;1618;28;9,9
4860;1618;51;8
4861;1619;14;6,3
4862;1619;30;4,4
4863;1620;33;5,6
4864;1620;34;6,7
4865;1621;33;5,4
4866;1621;48;8,9
4867;1622;6;6,9
4868;1622;37;7,7
4869;1622;8;7,4
4870;1622;3;4,5
4871;1623;3;7,4
4872;1623;4;8,4
4873;1623;26;7,2
4874;1624;26;9,8
4875;1624;39;7,8
4876;1625;51;9,9
4877;1625;21;5,7
4878;1626;33;6,7
4879;1626;28;9,7
4880;1626;18;7
4881;1627;15;9,8
4882;1627;37;6,5
4883;1628;28;8,3
4884;1628;12;4,1
4885;1628;10;4,4
4886;1629;13;8,4
4887;1629;48;8,1
4888;1630;10;9,4
4889;1630;56;4
4890;1630;1;5,2
4891;1630;23;5,3
4892;1631;2;7,1
4893;1631;36;5,5
4894;1632;48;6,7
4895;1632;46;7,6
4896;1632;26;7,7
4897;1633;34;8,6
4898;1633;37;7,4
4899;1634;8;4,7
4900;1634;17;8,8
4901;1635;38;9,1
4902;1635;55;6,3
4903;1636;41;4,8
4904;1636;10;7
4905;1636;53;9,6
4906;1636;16;8,5
4907;1637;44;8,4
4908;1637;35;8,4
4909;1637;50;7,7
4910;1637;37;6,3
4911;1638;51;7,3
4912;1638;47;9,1
4913;1638;22;4,5
4914;1638;20;9,1
4915;1639;28;5,5
4916;1639;31;4,3
4917;1639;17;9,5
4918;1639;25;8,9
4919;1640;33;5,5
4920;1640;18;4,7
4921;1640;44;4,6
4922;1640;15;9
4923;1641;6;7,1
4924;1641;60;4,5
4925;1641;7;4,6
4926;1642;36;5,6
4927;1642;42;7
4928;1642;24;8,6
4929;1642;45;9,8
4930;1643;10;7,8
4931;1643;2;8,8
4932;1643;13;8
4933;1644;24;5,9
4934;1644;14;5,4
4935;1645;27;5,9
4936;1645;2;9,7
4937;1645;29;7,6
4938;1646;19;8,2
4939;1646;38;9,2
4940;1646;57;6,6
4941;1647;46;4,6
4942;1647;4;7,3
4943;1648;57;4,1
4944;1648;42;4,8
4945;1648;47;8,6
4946;1649;45;4,9
4947;1649;33;4,8
4948;1650;33;7,6
4949;1650;29;8,6
4950;1651;10;6,3
4951;1651;58;4,2
4952;1652;33;7
4953;1652;57;8,1
4954;1652;5;9,4
4955;1653;15;6,2
4956;1653;51;9,8
4957;1653;59;6,5
4958;1654;60;6,1
4959;1654;15;6,7
4960;1655;19;5
4961;1655;6;4,6
4962;1656;9;4,6
4963;1656;36;4,7
4964;1656;45;6,5
4965;1656;22;4,4
4966;1657;51;9,8
4967;1657;41;6,1
4968;1658;19;9,2
4969;1658;43;6,4
4970;1659;4;7,6
4971;1659;30;5,3
4972;1660;28;4,3
4973;1660;27;4,8
4974;1660;2;5,5
4975;1661;30;4,2
4976;1661;6;8,3
4977;1662;59;4,8
4978;1662;12;8,4
4979;1662;13;9,6
4980;1662;58;6,6
4981;1663;6;7,9
4982;1663;9;5,6
4983;1663;2;7,2
4984;1664;1;6,6
4985;1664;32;8,5
4986;1664;48;5,3
4987;1665;59;6,3
4988;1665;49;4,3
4989;1665;17;9,3
4990;1665;20;7,9
4991;1666;29;9,9
4992;1666;27;9,1
4993;1667;25;4,6
4994;1667;53;4,5
4995;1667;2;5,4
4996;1668;32;8,8
4997;1668;47;9,9
4998;1668;48;9,8
4999;1669;32;5,6
5000;1669;55;6,1
5001;1669;10;9,8
5002;1670;32;7,2
5003;1670;27;5
5004;1671;49;8,1
5005;1671;7;9
5006;1671;48;8
5007;1672;26;9,9
5008;1672;29;7,1
5009;1673;46;9,6
5010;1673;52;9,6
5011;1673;25;8,7
5012;1674;55;5,7
5013;1674;9;4,5
5014;1675;57;7,3
5015;1675;29;7,1
5016;1675;27;9,1
5017;1675;55;8,7
5018;1676;31;4,5
5019;1676;30;5
5020;1676;54;4,4
5021;1677;24;4,2
5022;1677;1;9,8
5023;1678;52;5,8
5024;1678;33;7,4
5025;1679;10;5,9
5026;1679;9;5,6
5027;1679;16;5,3
5028;1680;20;6,5
5029;1680;47;8,4
5030;1681;36;4,9
5031;1681;10;6
5032;1681;8;7,8
5033;1682;39;6,1
5034;1682;48;6,1
5035;1682;49;7,4
5036;1683;2;8
5037;1683;26;5,7
5038;1684;42;8,6
5039;1684;53;4,6
5040;1684;6;8,3
5041;1685;50;7,3
5042;1685;13;7,2
5043;1685;35;6,8
5044;1686;55;6,6
5045;1686;43;5,8
5046;1687;44;5,7
5047;1687;38;9,2
5048;1687;51;7
5049;1688;47;7,2
5050;1688;5;5,7
5051;1689;35;6,4
5052;1689;2;9,2
5053;1689;26;4,1
5054;1690;53;10
5055;1690;7;5,1
5056;1691;53;6,2
5057;1691;57;5,2
5058;1692;18;5,1
5059;1692;6;9,2
5060;1692;52;4,7
5061;1692;47;6,4
5062;1693;40;6,5
5063;1693;48;8,9
5064;1693;34;5,4
5065;1694;7;8,4
5066;1694;46;9,2
5067;1695;4;4,4
5068;1695;13;8,2
5069;1695;11;4,6
5070;1696;36;7,7
5071;1696;53;9,5
5072;1696;38;4,3
5073;1697;52;4,2
5074;1697;18;4,1
5075;1698;59;8,9
5076;1698;60;5,4
5077;1698;31;8,5
5078;1699;48;8,9
5079;1699;7;8,6
5080;1699;38;7,3
5081;1700;50;4,6
5082;1700;48;7,8
5083;1701;57;8,6
5084;1701;60;9,6
5085;1701;10;8,1
5086;1702;49;5,6
5087;1702;4;7,5
5088;1702;47;5,7
5089;1702;33;9,9
5090;1703;53;9,2
5091;1703;34;9,5
5092;1703;22;7,8
5093;1704;14;6
5094;1704;29;6
5095;1705;46;4,1
5096;1705;8;9,5
5097;1706;34;6,7
5098;1706;44;8,5
5099;1706;56;6,8
5100;1706;54;8,7
5101;1707;49;6,8
5102;1707;4;9,7
5103;1707;46;4,6
5104;1707;15;4,2
5105;1708;33;6,8
5106;1708;8;9
5107;1708;50;4,8
5108;1708;40;5,2
5109;1709;57;9,9
5110;1709;49;5,5
5111;1709;38;6,9
5112;1709;41;4,7
5113;1710;32;9
5114;1710;22;4,2
5115;1711;36;9,4
5116;1711;56;4
5117;1711;7;8,8
5118;1712;1;7,3
5119;1712;44;8,7
5120;1712;47;6,8
5121;1712;46;9,8
5122;1713;1;7,9
5123;1713;11;8
5124;1714;13;4,8
5125;1714;52;9,3
5126;1714;50;9,8
5127;1715;53;6,3
5128;1715;8;4,2
5129;1716;39;6,3
5130;1716;43;6,1
5131;1716;49;6,7
5132;1717;43;6,3
5133;1717;31;6,7
5134;1717;2;8,1
5135;1718;28;8,1
5136;1718;40;5,5
5137;1719;45;9,7
5138;1719;48;4,5
5139;1719;57;4,3
5140;1720;54;9,4
5141;1720;27;8,9
5142;1721;5;9,6
5143;1721;1;5,3
5144;1721;31;6,2
5145;1722;34;8,7
5146;1722;50;5,7
5147;1722;17;5,3
5148;1722;58;8,5
5149;1723;40;9,2
5150;1723;35;7,5
5151;1724;35;7
5152;1724;55;5,3
5153;1724;19;4,1
5154;1725;48;7,6
5155;1725;28;8,9
5156;1726;21;5,4
5157;1726;55;4,9
5158;1727;59;6,9
5159;1727;5;6,2
5160;1727;25;8,8
5161;1728;25;8,3
5162;1728;45;5,5
5163;1728;19;8
5164;1728;26;9,6
5165;1729;15;4,5
5166;1729;20;4
5167;1729;36;4,1
5168;1730;57;5,7
5169;1730;49;7
5170;1731;50;7
5171;1731;10;8,9
5172;1731;32;8,7
5173;1732;21;5,5
5174;1732;31;6
5175;1733;49;4,8
5176;1733;59;8,6
5177;1733;56;9,4
5178;1733;8;9,4
5179;1734;52;5,4
5180;1734;7;6,2
5181;1734;9;7,4
5182;1735;7;4,9
5183;1735;22;9,1
5184;1735;24;7,8
5185;1735;17;8,6
5186;1736;30;6,3
5187;1736;11;4,9
5188;1736;15;8,7
5189;1736;47;6,6
5190;1737;54;6,5
5191;1737;24;6,8
5192;1737;50;4,8
5193;1737;18;6,1
5194;1738;7;5,2
5195;1738;2;9
5196;1738;30;6,8
5197;1739;25;8,5
5198;1739;52;6,9
5199;1739;17;10
5200;1740;31;8,3
5201;1740;43;5,3
5202;1741;21;7,2
5203;1741;20;8,7
5204;1741;15;9,3
5205;1742;53;5,8
5206;1742;5;9,1
5207;1742;54;8,2
5208;1743;12;7,4
5209;1743;25;6
5210;1743;4;8,6
5211;1743;11;6,4
5212;1744;26;5,1
5213;1744;10;7,1
5214;1744;58;5,8
5215;1744;29;4,3
5216;1745;28;4,1
5217;1745;17;7,9
5218;1745;9;6,3
5219;1746;10;9,7
5220;1746;31;9,2
5221;1747;14;9,8
5222;1747;22;6,4
5223;1747;47;6,5
5224;1747;36;4,8
5225;1748;9;6,6
5226;1748;14;7
5227;1748;58;6,9
5228;1748;34;4,3
5229;1749;45;7,1
5230;1749;2;9,6
5231;1749;52;10
5232;1749;17;7,5
5233;1750;12;8,2
5234;1750;4;8,7
5235;1751;17;6,1
5236;1751;1;4,2
5237;1752;54;6,8
5238;1752;39;7,5
5239;1752;50;8,5
5240;1752;10;9,7
5241;1753;39;6,6
5242;1753;55;5,5
5243;1753;29;4,1
5244;1754;44;8,4
5245;1754;42;6,5
5246;1755;48;7
5247;1755;31;9,3
5248;1756;46;5,5
5249;1756;22;6,6
5250;1756;23;4,5
5251;1757;56;8,7
5252;1757;2;5,6
5253;1757;16;9,1
5254;1757;54;6,9
5255;1758;48;6,7
5256;1758;54;5,2
5257;1758;9;4,4
5258;1759;12;4,9
5259;1759;42;4,6
5260;1760;54;9
5261;1760;30;7,9
5262;1761;28;9,8
5263;1761;39;4,6
5264;1761;8;5
5265;1762;11;7,3
5266;1762;40;4,7
5267;1762;57;5,6
5268;1763;26;4,2
5269;1763;37;5,1
5270;1763;36;4,6
5271;1763;15;6,5
5272;1764;1;8,8
5273;1764;14;5,1
5274;1764;38;9,4
5275;1764;55;8,5
5276;1765;51;10
5277;1765;36;9,3
5278;1765;1;5,1
5279;1765;7;6,4
5280;1766;54;6,5
5281;1766;5;4,2
5282;1766;4;4,4
5283;1767;57;9,5
5284;1767;49;8,8
5285;1767;2;4,5
5286;1768;29;8,7
5287;1768;57;9,3
5288;1769;1;5,2
5289;1769;3;5,1
5290;1769;19;9
5291;1769;38;5,1
5292;1770;25;9,1
5293;1770;37;9,2
5294;1770;15;6,6
5295;1771;18;9,9
5296;1771;51;9,5
5297;1771;29;4
5298;1771;28;5,3
5299;1772;3;9,6
5300;1772;48;5,6
5301;1772;26;4,9
5302;1772;49;6,1
5303;1773;40;4,7
5304;1773;53;7,6
5305;1773;36;8,4
5306;1773;21;5,3
5307;1774;45;7
5308;1774;11;7,2
5309;1774;49;4,5
5310;1775;8;6,1
5311;1775;53;4,3
5312;1775;25;9,8
5313;1775;15;7,4
5314;1776;4;6,6
5315;1776;9;6,5
5316;1776;54;6,4
5317;1777;53;9,2
5318;1777;11;7,3
5319;1777;30;5,8
5320;1778;38;5,6
5321;1778;32;8,5
5322;1779;24;4
5323;1779;2;9,2
5324;1779;29;6,6
5325;1779;47;8,9
5326;1780;48;8,5
5327;1780;32;9,1
5328;1780;24;4,1
5329;1781;35;8
5330;1781;1;9,5
5331;1782;54;4,3
5332;1782;55;5,1
5333;1782;11;4,5
5334;1782;39;6,2
5335;1783;57;7,7
5336;1783;53;5,7
5337;1783;16;7,3
5338;1784;38;5
5339;1784;15;4,9
5340;1785;16;5
5341;1785;14;9,7
5342;1786;23;4,2
5343;1786;5;8,9
5344;1787;52;9,8
5345;1787;22;4,7
5346;1787;23;9,3
5347;1787;55;5,4
5348;1788;19;8,3
5349;1788;22;9,4
5350;1788;51;5,4
5351;1789;38;7,3
5352;1789;33;7,4
5353;1789;53;8,2
5354;1790;40;8,5
5355;1790;13;5,5
5356;1791;19;5,5
5357;1791;55;9,5
5358;1792;28;7,2
5359;1792;9;6,1
5360;1792;1;8,5
5361;1792;52;7,2
5362;1793;15;9,8
5363;1793;8;5,6
5364;1793;9;5,6
5365;1793;54;5
5366;1794;4;8,5
5367;1794;29;6,4
5368;1794;50;9,4
5369;1794;22;7,7
5370;1795;9;5,5
5371;1795;4;7
5372;1795;8;5,2
5373;1795;10;6,9
5374;1796;38;5
5375;1796;24;9,4
5376;1796;18;6,3
5377;1797;50;4,6
5378;1797;56;5,2
5379;1797;18;6,7
5380;1797;42;7,7
5381;1798;38;5,1
5382;1798;9;6,7
5383;1799;15;5,4
5384;1799;7;6,4
5385;1799;31;9,7
5386;1799;24;9,1
5387;1800;31;8
5388;1800;21;7,1
5389;1800;10;9,5
5390;1801;25;9,4
5391;1801;7;8,2
5392;1801;58;9,3
5393;1802;8;8,6
5394;1802;29;4,2
5395;1802;52;7,4
5396;1803;43;9,3
5397;1803;48;9,4
5398;1804;56;4,4
5399;1804;9;5
5400;1804;18;4,6
5401;1805;45;6
5402;1805;15;4,1
5403;1805;56;4,6
5404;1806;47;4,8
5405;1806;50;7,5
5406;1807;20;8
5407;1807;16;4,3
5408;1808;32;6,8
5409;1808;59;4,8
5410;1808;38;6,8
5411;1809;24;8,4
5412;1809;45;9,2
5413;1810;6;7,3
5414;1810;33;8,2
5415;1811;41;5,9
5416;1811;52;9,6
5417;1811;44;8,7
5418;1812;12;5,8
5419;1812;48;7,3
5420;1812;60;7
5421;1812;1;6,6
5422;1813;25;9,8
5423;1813;54;9,3
5424;1813;37;8,5
5425;1813;13;7,5
5426;1814;28;7,7
5427;1814;23;4,3
5428;1814;7;6
5429;1814;56;8,3
5430;1815;19;9,3
5431;1815;28;6
5432;1815;18;7
5433;1815;4;8,7
5434;1816;34;7,2
5435;1816;13;9,8
5436;1816;54;5,9
5437;1816;48;6,6
5438;1817;9;5
5439;1817;26;8,4
5440;1817;51;5,6
5441;1818;9;8,7
5442;1818;43;6,2
5443;1818;38;9,5
5444;1819;56;4,5
5445;1819;21;7,5
5446;1819;48;5
5447;1819;24;5
5448;1820;56;4,1
5449;1820;23;4,6
5450;1821;23;8,8
5451;1821;47;9,6
5452;1822;11;9,9
5453;1822;49;6,7
5454;1822;57;7,3
5455;1823;38;5,5
5456;1823;49;5,1
5457;1824;6;9,7
5458;1824;55;8,8
5459;1825;60;4,5
5460;1825;18;7,4
5461;1826;39;8,7
5462;1826;1;7,6
5463;1827;27;8,2
5464;1827;26;4,2
5465;1827;11;6,5
5466;1827;54;4
5467;1828;53;9,8
5468;1828;54;6,2
5469;1828;4;5,2
5470;1829;31;5,7
5471;1829;54;4,2
5472;1830;15;8,4
5473;1830;40;4,5
5474;1830;5;5,3
5475;1830;4;6,2
5476;1831;35;5,1
5477;1831;40;5
5478;1832;6;6,3
5479;1832;38;4
5480;1832;15;4,3
5481;1833;60;4,9
5482;1833;34;6,9
5483;1834;21;5,7
5484;1834;26;4,7
5485;1835;48;6,8
5486;1835;27;6,6
5487;1835;54;4,8
5488;1835;4;5,7
5489;1836;34;4,1
5490;1836;46;6
5491;1836;23;6,8
5492;1836;1;5,2
5493;1837;6;6,6
5494;1837;29;4,9
5495;1837;53;5,3
5496;1838;14;9,3
5497;1838;56;8,7
5498;1839;1;9,6
5499;1839;42;7,7
5500;1840;46;5,8
5501;1840;6;9,6
5502;1840;28;8,3
5503;1841;23;8,9
5504;1841;18;4,7
5505;1841;58;8,5
5506;1842;12;8
5507;1842;30;6,3
5508;1842;31;6,2
5509;1843;58;4,2
5510;1843;59;9,2
5511;1843;49;5,3
5512;1844;39;7,7
5513;1844;19;4,3
5514;1844;12;5,7
5515;1845;52;6
5516;1845;5;6
5517;1845;31;7,1
5518;1846;2;9,1
5519;1846;6;7,7
5520;1846;54;7,4
5521;1847;20;5,1
5522;1847;45;9,3
5523;1848;36;5,8
5524;1848;15;8,6
5525;1848;29;4,5
5526;1849;11;6,1
5527;1849;15;8,7
5528;1849;18;8,8
5529;1850;53;6,7
5530;1850;25;8,6
5531;1850;37;4,1
5532;1850;17;6,2
5533;1851;50;8,5
5534;1851;35;6,3
5535;1851;24;8,6
5536;1852;36;5,7
5537;1852;37;6,8
5538;1852;3;5,2
5539;1853;47;4,4
5540;1853;46;4,1
5541;1853;18;9,7
5542;1854;22;6
5543;1854;15;9,3
5544;1854;33;6,9
5545;1854;56;9,7
5546;1855;6;8,4
5547;1855;26;5,4
5548;1856;39;4,2
5549;1856;2;8,7
5550;1856;54;6,9
5551;1856;52;4,5
5552;1857;28;9,1
5553;1857;4;7,8
5554;1857;20;8,4
5555;1857;32;5,8
5556;1858;33;5,6
5557;1858;59;5,3
5558;1858;34;4,3
5559;1859;25;6,7
5560;1859;6;7,9
5561;1859;35;9,1
5562;1859;49;9,3
5563;1860;58;6,8
5564;1860;27;8,1
5565;1860;55;6,3
5566;1861;26;9,5
5567;1861;36;9,4
5568;1862;24;5,8
5569;1862;43;8,2
5570;1863;24;7,7
5571;1863;53;4,2
5572;1863;34;4,4
5573;1863;48;6,7
5574;1864;11;4,1
5575;1864;37;7,1
5576;1864;54;6
5577;1864;8;8,2
5578;1865;54;5,7
5579;1865;36;5,4
5580;1865;25;6,5
5581;1865;2;9,3
5582;1866;22;4,2
5583;1866;58;8,2
5584;1867;18;7,6
5585;1867;59;5,5
5586;1867;28;4,2
5587;1868;42;5,3
5588;1868;29;8,9
5589;1868;43;6,8
5590;1869;36;4,8
5591;1869;60;8,4
5592;1870;27;6,9
5593;1870;57;7,4
5594;1870;55;5,7
5595;1871;40;8,6
5596;1871;2;6,7
5597;1872;33;7
5598;1872;28;6
5599;1872;22;7,6
5600;1872;14;9
5601;1873;31;7,4
5602;1873;49;5,2
5603;1873;14;8,1
5604;1874;45;8,2
5605;1874;33;9,2
5606;1875;49;8,5
5607;1875;31;5,9
5608;1875;26;10
5609;1875;2;5,9
5610;1876;55;7,8
5611;1876;43;7,4
5612;1877;54;8,2
5613;1877;8;4,4
5614;1878;55;8,2
5615;1878;36;4,5
5616;1878;28;9,2
5617;1878;49;8,1
5618;1879;2;5,2
5619;1879;27;9
5620;1879;26;8,6
5621;1880;49;9,6
5622;1880;11;8,1
5623;1880;37;9,3
5624;1881;13;7,5
5625;1881;52;8,6
5626;1881;38;7,1
5627;1882;6;7,2
5628;1882;44;5
5629;1882;37;4,7
5630;1882;53;4,9
5631;1883;21;8,6
5632;1883;57;5,4
5633;1883;50;4,5
5634;1883;14;8,4
5635;1884;35;8,9
5636;1884;28;5,8
5637;1885;11;5,8
5638;1885;26;4,2
5639;1885;38;8,3
5640;1886;35;9,8
5641;1886;44;4,5
5642;1886;43;8,6
5643;1886;16;9,7
5644;1887;44;8,2
5645;1887;41;4,7
5646;1887;39;6,2
5647;1888;40;10
5648;1888;27;7,6
5649;1888;29;4,4
5650;1888;2;6
5651;1889;29;5,6
5652;1889;13;7,6
5653;1889;1;5
5654;1889;24;10
5655;1890;36;7,1
5656;1890;59;8,7
5657;1891;51;8,2
5658;1891;16;8,7
5659;1891;52;8,2
5660;1891;4;8,9
5661;1892;30;7,2
5662;1892;47;6,5
5663;1893;56;7,8
5664;1893;60;9,7
5665;1893;1;5,6
5666;1893;25;5,3
5667;1894;22;7,9
5668;1894;57;7,5
5669;1895;7;7,9
5670;1895;25;5,5
5671;1896;59;9,4
5672;1896;47;7,9
5673;1896;43;4,6
5674;1896;10;4
5675;1897;50;6,9
5676;1897;3;9,6
5677;1897;8;9,9
5678;1898;41;6,7
5679;1898;20;4,3
5680;1898;3;4,2
5681;1899;35;9,4
5682;1899;3;9,8
5683;1899;34;4,4
5684;1899;41;5
5685;1900;34;7,6
5686;1900;11;6,5
5687;1901;42;8,6
5688;1901;56;9
5689;1902;21;9,1
5690;1902;49;6,7
5691;1902;2;7,1
5692;1902;43;8
5693;1903;37;7,9
5694;1903;12;7,8
5695;1903;42;4,5
5696;1904;35;9,6
5697;1904;1;8,1
5698;1904;28;8,3
5699;1905;55;8,8
5700;1905;8;6,4
5701;1905;11;4,8
5702;1906;3;4,1
5703;1906;34;7,7
5704;1906;9;6,7
5705;1906;54;7,8
5706;1907;60;5,2
5707;1907;27;9,4
5708;1908;18;8,8
5709;1908;14;6,3
5710;1908;21;7,9
5711;1909;17;8,9
5712;1909;22;6,9
5713;1909;34;4
5714;1909;44;5,1
5715;1910;48;9,6
5716;1910;19;4,9
5717;1910;52;5
5718;1910;43;9,3
5719;1911;27;4,1
5720;1911;39;4,5
5721;1912;15;6,2
5722;1912;30;4,1
5723;1913;59;6,4
5724;1913;18;8,9
5725;1913;37;8,2
5726;1913;29;5,5
5727;1914;42;4
5728;1914;49;9,5
5729;1914;29;5,8
5730;1915;21;8,6
5731;1915;9;8,1
5732;1915;55;4,3
5733;1916;15;6,5
5734;1916;45;7
5735;1916;49;4,5
5736;1917;53;8,7
5737;1917;29;5,7
5738;1917;51;4,1
5739;1917;24;5,5
5740;1918;53;9
5741;1918;45;9,4
5742;1918;18;7,3
5743;1919;23;8,3
5744;1919;56;6,7
5745;1920;16;5,7
5746;1920;34;8,3
5747;1920;24;6,5
5748;1921;9;6,6
5749;1921;15;6,3
5750;1922;39;9,8
5751;1922;50;6,4
5752;1922;40;7,5
5753;1923;24;5,9
5754;1923;38;8,9
5755;1924;58;4,3
5756;1924;12;5,5
5757;1924;9;7,6
5758;1924;48;6,3
5759;1925;27;7,7
5760;1925;37;4,1
5761;1926;26;9,7
5762;1926;5;7,4
5763;1926;30;6,4
5764;1927;58;6,3
5765;1927;23;9,9
5766;1928;43;9,5
5767;1928;53;7,6
5768;1928;10;9,7
5769;1928;38;7,3
5770;1929;21;7,3
5771;1929;49;6,9
5772;1930;36;8,3
5773;1930;33;6,7
5774;1930;30;5,1
5775;1931;1;5,5
5776;1931;20;7,2
5777;1931;8;4,3
5778;1932;58;5,5
5779;1932;39;6
5780;1932;53;7,6
5781;1933;13;4,9
5782;1933;49;4,8
5783;1933;39;4,1
5784;1933;6;4
5785;1934;19;4,3
5786;1934;20;9,9
5787;1935;30;9
5788;1935;60;8,3
5789;1935;26;9,7
5790;1935;10;9,7
5791;1936;48;5,4
5792;1936;42;4,2
5793;1936;43;5,7
5794;1937;5;4,1
5795;1937;14;7,1
5796;1937;20;7,4
5797;1937;8;5,9
5798;1938;54;4,2
5799;1938;35;7,7
5800;1938;31;6,6
5801;1938;9;6
5802;1939;25;8,7
5803;1939;20;9,6
5804;1939;11;4,8
5805;1939;48;9,5
5806;1940;40;4,9
5807;1940;46;7,1
5808;1940;42;5,4
5809;1941;2;9,6
5810;1941;37;10
5811;1942;39;7,7
5812;1942;52;5,6
5813;1942;7;9,4
5814;1943;9;9,6
5815;1943;59;9
5816;1943;37;7,3
5817;1944;42;6,2
5818;1944;55;7,2
5819;1945;6;8
5820;1945;31;5,5
5821;1946;29;6,5
5822;1946;40;4,6
5823;1947;28;4,9
5824;1947;37;8,6
5825;1947;22;9,5
5826;1947;31;7,9
5827;1948;55;5,5
5828;1948;1;9,6
5829;1948;20;6,9
5830;1949;46;5,9
5831;1949;11;9,8
5832;1950;13;5,9
5833;1950;31;6,4
5834;1950;43;4,1
5835;1950;40;7
5836;1951;13;4,4
5837;1951;42;9,9
5838;1951;11;6,1
5839;1952;27;8,5
5840;1952;6;8,6
5841;1953;3;8,2
5842;1953;10;9
5843;1954;54;4,4
5844;1954;38;5,2
5845;1954;39;6,9
5846;1954;47;5,3
5847;1955;13;8,4
5848;1955;20;8,9
5849;1956;18;5,7
5850;1956;55;7,7
5851;1956;29;8,7
5852;1957;28;8,5
5853;1957;2;7,2
5854;1957;29;9,2
5855;1958;21;9,5
5856;1958;5;9,3
5857;1959;54;4,5
5858;1959;31;8,5
5859;1959;27;4,4
5860;1959;21;6,8
5861;1960;59;7,3
5862;1960;45;8,7
5863;1961;6;5,4
5864;1961;31;7,9
5865;1961;45;9,2
5866;1962;23;5,2
5867;1962;6;5,5
5868;1962;18;7,6
5869;1962;25;4,4
5870;1963;33;6,1
5871;1963;1;8,5
5872;1963;23;8,4
5873;1964;21;9
5874;1964;58;5,6
5875;1965;52;6,2
5876;1965;40;7,6
5877;1965;26;4,7
5878;1965;43;6,4
5879;1966;32;4,3
5880;1966;53;4,1
5881;1966;31;5,5
5882;1966;1;9
5883;1967;46;5,9
5884;1967;20;5,9
5885;1968;18;7,6
5886;1968;2;8,7
5887;1968;49;7,3
5888;1968;16;5,1
5889;1969;2;6,3
5890;1969;44;8,6
5891;1969;14;8,6
5892;1969;38;8,4
5893;1970;16;6,2
5894;1970;33;8,9
5895;1971;26;9,8
5896;1971;44;8,5
5897;1971;18;8
5898;1971;41;7,2
5899;1972;10;5,9
5900;1972;26;7,6
5901;1973;6;5,7
5902;1973;58;6,6
5903;1973;25;7,6
5904;1974;47;6,1
5905;1974;16;6,5
5906;1975;4;5,1
5907;1975;60;9,9
5908;1976;17;7
5909;1976;55;7
5910;1976;2;4,3
5911;1977;32;8,3
5912;1977;3;7,6
5913;1977;33;6,9
5914;1978;39;4,2
5915;1978;11;8,1
5916;1979;39;7,7
5917;1979;45;7,2
5918;1980;53;9,9
5919;1980;45;9,2
5920;1980;41;4,5
5921;1980;57;5,2
5922;1981;52;6,3
5923;1981;25;4,6
5924;1982;18;6,1
5925;1982;36;8,8
5926;1982;22;5,4
5927;1982;4;7,9
5928;1983;39;6,4
5929;1983;42;5,8
5930;1984;52;4,9
5931;1984;44;5,9
5932;1984;11;7,6
5933;1985;44;6,9
5934;1985;1;5,6
5935;1985;31;8,3
5936;1986;31;9,8
5937;1986;47;4,3
5938;1986;45;7,2
5939;1987;50;9,4
5940;1987;9;4,5
5941;1987;59;8,5
5942;1987;41;5,7
5943;1988;5;6
5944;1988;53;5,5
5945;1988;40;5,6
5946;1988;37;9,3
5947;1989;52;4,8
5948;1989;25;6,4
5949;1989;27;5,5
5950;1990;49;4
5951;1990;37;5,4
5952;1990;25;4,1
5953;1990;60;8,5
5954;1991;48;5,8
5955;1991;35;4,8
5956;1992;53;6,7
5957;1992;36;5,3
5958;1992;59;6,3
5959;1993;4;8,9
5960;1993;22;6,4
5961;1993;60;4,2
5962;1994;16;4,1
5963;1994;28;4,3
5964;1994;54;8,4
5965;1995;6;5,6
5966;1995;42;4
5967;1995;41;7,3
5968;1995;28;4,7
5969;1996;38;7,6
5970;1996;3;9,9
5971;1997;52;5,4
5972;1997;48;4,2
5973;1998;9;5,6
5974;1998;2;4,9
5975;1998;39;5,2
